1	Reload Map
5	Dreamer's Bauble
10	[ERROR]
11	[ERROR]
12	[ERROR]
13	[ERROR]
14	[ERROR]
15	[ERROR]
16	[ERROR]
20	[ERROR]
21	[ERROR]
22	[ERROR]
23	[ERROR]
24	[ERROR]
25	[ERROR]
26	[ERROR]
27	[ERROR]
28	[ERROR]
29	[ERROR]
30	[ERROR]
31	[ERROR]
35	[ERROR]
40	[ERROR]
41	[ERROR]
42	[ERROR]
43	[ERROR]
44	[ERROR]
60	[ERROR]
61	[ERROR]
62	[ERROR]
63	[ERROR]
64	[ERROR]
65	[ERROR]
66	[ERROR]
67	[ERROR]
68	[ERROR]
69	[ERROR]
70	[ERROR]
71	[ERROR]
72	[ERROR]
73	[ERROR]
74	[ERROR]
75	[ERROR]
76	[ERROR]
77	[ERROR]
78	[ERROR]
79	[ERROR]
90	[ERROR]
91	[ERROR]
92	[ERROR]
93	[ERROR]
94	[ERROR]
98	[ERROR]
99	[ERROR]
100	Tarnished's Furled Finger
101	Duelist's Furled Finger
102	Bloody Finger
103	Finger Severer
104	White Cipher Ring
105	Blue Cipher Ring
106	Tarnished's Wizened Finger
107	Phantom Bloody Finger
108	Taunter's Tongue
109	Small Golden Effigy
110	Small Red Effigy
111	Festering Bloody Finger
112	Recusant Finger
113	Phantom Bloody Finger
114	Phantom Recusant Finger
115	Memory of Grace
130	Torrent's Whistle
135	Phantom Great Rune
140	Funeral Whistle
141	Erdtree Whistle
142	Frenzied Whistle
143	Carian Whistle
150	Furlcalling Finger Remedy
170	Tarnished's Furled Finger
171	Duelist's Furled Finger
172	Bloody Finger
174	White Cipher Ring
175	Blue Cipher Ring
178	Taunter's Tongue
179	Small Golden Effigy
180	Small Red Effigy
181	Spectral Steed Whistle
182	Furlcalling Finger Remedy
183	Festering Bloody Finger
184	Recusant Finger
190	Rune Arc
191	Godrick's Great Rune
192	Radahn's Great Rune
193	Morgott's Great Rune
194	Rykard's Great Rune
195	Mohg's Great Rune
196	Malenia's Great Rune
200	Flask of Crimson Tears
201	Flask of Crimson Tears
202	Flask of Crimson Tears +1
203	Flask of Crimson Tears +1
204	Flask of Crimson Tears +2
205	Flask of Crimson Tears +2
206	Flask of Crimson Tears +3
207	Flask of Crimson Tears +3
208	Flask of Crimson Tears +4
209	Flask of Crimson Tears +4
210	Flask of Crimson Tears +5
211	Flask of Crimson Tears +5
212	Flask of Crimson Tears +6
213	Flask of Crimson Tears +6
214	Flask of Crimson Tears +7
215	Flask of Crimson Tears +7
220	Flask of Cerulean Tears
221	Flask of Cerulean Tears
222	Flask of Cerulean Tears +1
223	Flask of Cerulean Tears +1
224	Flask of Cerulean Tears +2
225	Flask of Cerulean Tears +2
226	Flask of Cerulean Tears +3
227	Flask of Cerulean Tears +3
228	Flask of Cerulean Tears +4
229	Flask of Cerulean Tears +4
230	Flask of Cerulean Tears +5
231	Flask of Cerulean Tears +5
232	Flask of Cerulean Tears +6
233	Flask of Cerulean Tears +6
234	Flask of Cerulean Tears +7
235	Flask of Cerulean Tears +7
250	Flask of Wondrous Physick
251	Flask of Wondrous Physick
300	Fire Pot 
301	Redmane Fire Pot 
302	Giantsflame Fire Pot
320	Lightning Pot
321	Ancient Dragonbolt Pot
330	Fetid Pot
340	Swarm Pot
350	Holy Water Pot
351	Sacred Order Pot
360	Freezing Pot
370	Poison Pot
380	Oil Pot
390	Alluring Pot
391	Beastlure Pot
400	Roped Fire Pot
420	Roped Lightning Pot
430	Roped Fetid Pot
440	Roped Poison Pot
450	Roped Oil Pot
460	Roped Magic Pot
470	Roped Fly Pot
480	[ERROR]Roped Freezing Pot
490	Roped Volcano Pot
510	Roped Holy Water Pot
600	Volcano Pot
610	Albinauric Pot
630	Cursed-Blood Pot
640	Sleep Pot
650	Rancor Pot
660	Magic Pot
661	Academy Magic Pot
670	Rot Pot
810	Rowa Raisin
811	Sweet Raisin
812	Frozen Raisin
820	Boiled Crab
830	Boiled Prawn
900	Neutralizing Boluses
910	Stanching Boluses
920	Thawfrost Boluses
930	Stimulating Boluses
940	Preserving Boluses
950	Rejuvenating Boluses
960	Clarifying Boluses
1000	Flask of Crimson Tears
1001	Flask of Crimson Tears
1002	Flask of Crimson Tears +1
1003	Flask of Crimson Tears +1
1004	Flask of Crimson Tears +2
1005	Flask of Crimson Tears +2
1006	Flask of Crimson Tears +3
1007	Flask of Crimson Tears +3
1008	Flask of Crimson Tears +4
1009	Flask of Crimson Tears +4
1010	Flask of Crimson Tears +5
1011	Flask of Crimson Tears +5
1012	Flask of Crimson Tears +6
1013	Flask of Crimson Tears +6
1014	Flask of Crimson Tears +7
1015	Flask of Crimson Tears +7
1016	Flask of Crimson Tears +8
1017	Flask of Crimson Tears +8
1018	Flask of Crimson Tears +9
1019	Flask of Crimson Tears +9
1020	Flask of Crimson Tears +10
1021	Flask of Crimson Tears +10
1022	Flask of Crimson Tears +11
1023	Flask of Crimson Tears +11
1024	Flask of Crimson Tears +12
1025	Flask of Crimson Tears +12
1050	Flask of Cerulean Tears
1051	Flask of Cerulean Tears
1052	Flask of Cerulean Tears +1
1053	Flask of Cerulean Tears +1
1054	Flask of Cerulean Tears +2
1055	Flask of Cerulean Tears +2
1056	Flask of Cerulean Tears +3
1057	Flask of Cerulean Tears +3
1058	Flask of Cerulean Tears +4
1059	Flask of Cerulean Tears +4
1060	Flask of Cerulean Tears +5
1061	Flask of Cerulean Tears +5
1062	Flask of Cerulean Tears +6
1063	Flask of Cerulean Tears +6
1064	Flask of Cerulean Tears +7
1065	Flask of Cerulean Tears +7
1066	Flask of Cerulean Tears +8
1067	Flask of Cerulean Tears +8
1068	Flask of Cerulean Tears +9
1069	Flask of Cerulean Tears +9
1070	Flask of Cerulean Tears +10
1071	Flask of Cerulean Tears +10
1072	Flask of Cerulean Tears +11
1073	Flask of Cerulean Tears +11
1074	Flask of Cerulean Tears +12
1075	Flask of Cerulean Tears +12
1100	Pickled Turtle Neck
1110	Immunizing Cured Meat
1120	Invigorating Cured Meat
1130	Clarifying Cured Meat
1140	Dappled Cured Meat
1150	Spellproof Dried Liver
1160	Fireproof Dried Liver
1170	Lightningproof Dried Liver
1180	Holyproof Dried Liver
1190	Silver-Pickled Fowl Foot
1200	Gold-Pickled Fowl Foot
1210	Exalted Flesh
1220	[ERROR]Deathsbane Jerky
1235	Raw Meat Dumpling
1240	Shabriri Grape
1250	Sacred Ward
1290	Starlight Shards
1291	Starlight Shards
1295	Golden Extract
1310	Immunizing White Cured Meat
1320	Invigorating White Cured Meat
1330	Clarifying White Cured Meat
1340	Dappled White Cured Meat
1350	[ERROR]Deathsbane White Jerky
1400	Fire Grease
1410	Lightning Grease
1420	Magic Grease
1430	Holy Grease
1440	Blood Grease
1450	Soporific Grease
1460	Poison Grease
1470	Freezing Grease
1480	Dragonwound Grease
1490	Rot Grease
1500	Drawstring Fire Grease
1510	Drawstring Lightning Grease
1520	Drawstring Magic Grease
1530	Drawstring Holy Grease
1540	Drawstring Blood Grease
1550	Drawstring Soporific Grease
1560	Drawstring Poison Grease
1570	[ERROR]Drawstring Freezing Grease
1590	Drawstring Rot Grease
1690	Shield Grease
1700	Throwing Dagger
1710	Bone Dart
1720	Poisonbone Dart
1730	Kukri
1740	Crystal Dart
1750	Fan Daggers
1760	Ruin Fragment
1810	Fetid Flesh
1830	Explosive Stone
1831	Explosive Stone Clump
1840	Poisoned Stone
1841	Poisoned Stone Clump
2020	Rainbow Stone
2030	Glowstone
2040	Telescope
2050	Grace Mimic
2070	Lantern
2080	Blasphemous Claw
2090	Deathroot
2100	Soft Cotton
2120	Soap
2130	Celestial Dew
2140	Margit's Shackle
2150	Mohg's Shackle
2160	Pureblood Knight's Medal
2190	Miquella's Needle
2200	Prattling Pate "Hello"
2201	Prattling Pate "Thank you"
2202	Prattling Pate "Apologies"
2203	Prattling Pate "Wonderful"
2204	Prattling Pate "Please help"
2205	Prattling Pate "My beloved"
2206	Prattling Pate "Let's get to it"
2207	Prattling Pate "You're beautiful"
2500	Mount: Funeral Steed
2501	Mount: Frenzied Mule
2502	Mount: Carian Knight Steed
2503	Mount: Erdtree Steed
2900	Golden Rune [1]
2901	Golden Rune [2]
2902	Golden Rune [3]
2903	Golden Rune [4]
2904	Golden Rune [5]
2905	Golden Rune [6]
2906	Golden Rune [7]
2907	Golden Rune [8]
2908	Golden Rune [9]
2909	Golden Rune [10]
2910	Golden Rune [11]
2911	Golden Rune [12]
2912	Golden Rune [13]
2913	Numen's Rune
2914	Hero's Rune [1]
2915	Hero's Rune [2]
2916	Hero's Rune [3]
2917	Hero's Rune [4]
2918	Hero's Rune [5]
2919	Lord's Rune
2950	Remembrance of the Grafted
2951	Remembrance of the Starscourge
2952	Remembrance of the Omen King
2953	Remembrance of the Blasphemous
2954	Remembrance of the Rot Goddess
2955	Remembrance of the Blood Lord
2956	Remembrance of the Black Blade
2957	Remembrance of Hoarah Loux
2958	Remembrance of the Dragonlord
2959	Remembrance of the Full Moon Queen
2960	Remembrance of the Lichdragon
2961	Remembrance of the Fire Giant
2962	Remembrance of the Regal Ancestor
2963	Elden Remembrance
2964	Remembrance of the Naturalborn
2965	Remembrance of the Crucible's Betrayer
2966	Remembrance of the Matriarch
2967	Remembrance of the Scion of the Sealed God
2968	Remembrance of the Scavenger King
2969	Remembrance of the Ice Guardian
2970	Remembrance of the Spiritshaper
2971	Remembrance of the Feigned Dragonlord
2990	Lands Between Rune
3000	Ancestral Infant's Head
3010	Omen Bairn
3011	Regal Omen Bairn
3020	[ERROR]Miranda's Prayer
3030	Cuckoo Glintstone
3040	Mimic's Veil
3050	Glintstone Scrap
3051	Large Glintstone Scrap
3060	Gravity Stone Fan
3070	Gravity Stone Chunk
3080	Wraith Calling Bell
3300	[ERROR]Holy Water Grease
3310	Warming Stone
3311	Frenzyflame Stone
3320	Scriptstone
3350	Bewitching Branch
3360	Baldachin's Blessing
3361	Radiant Baldachin's Blessing
3500	Uplifting Aromatic
3510	Spark Aromatic
3520	Ironjar Aromatic
3550	Bloodboil Aromatic
3580	Poison Spraymist
3610	Acid Spraymist
3650	Nox Grounding Stone
4000	Glintstone Pebble
4001	Great Glintstone Shard
4010	Swift Glintstone Shard
4020	Glintstone Cometshard
4021	Comet
4030	Shard Spiral
4040	Night Stars
4050	Star Swarm
4060	Crystal Barrage
4070	Glintstone Arc
4080	Cannon of Haima
4090	Crystal Burst
4100	Shatter Earth
4110	Rock Blaster
4120	Gavel of Haima
4130	Anima Magica
4131	Corpa Magica
4140	Starlight
4150	Glintbeam Orb
4160	Energy Shell
4170	Carian Acuity
4200	Comet Azur
4210	Founding Rain of Stars
4220	Stars of Ruin
4300	Glintblade Phalanx
4301	Carian Phalanx
4302	Greatblade Phalanx
4360	Rennala's Full Moon
4361	Ranni's Dark Moon
4370	Dragonkin Downpour
4380	Loretta's Greatbow
4381	Loretta's Mastery
4390	Frozen Cragbolt
4400	Icecrag Arrow
4401	Ice Dart
4402	Icecrag Spear
4403	Avalanche
4410	Zamor Ice Storm
4411	Frozen Spikes
4412	Renna's Barrier
4413	Armor of Rime
4414	Snow Witch's Cunning
4415	Ice Guardian's Reckoning
4416	Armor of Ice
4420	Freezing Mist
4421	Icecrag Burst
4422	Ice Shards
4423	Frozen Phalanx
4424	Zamor Ice Storm
4430	Carian Greatsword
4431	Adula's Moonblade
4432	Freeze Solid
4440	Carian Slicer
4450	Carian Piercer
4460	Scholar's Armament
4470	Scholar's Shield
4480	Sorcerer's Lucidity
4490	Frozen Armament
4491	Whiteout
4492	Divine Iceburst
4493	Shatter the Shards
4494	Mass Freeze
4495	Icequake
4500	Shattering Crystal
4510	Crystal Release
4520	Cragbolt Torrent
4530	Cragbolt Wisp
4531	Cragbolt Spear
4540	Cragbolt Upwelling
4550	Cragbolt Mine
4551	Dragonkin Minefield
4560	Frozen Lightning Storm
4570	Dragonkin Devastation
4580	Strength of the Underworld
4581	Wisdom of the Makers
4590	Frozen Lightning Armament
4600	Ambush Shard
4601	Quicksilver Affliction
4602	Curse of Midnight
4603	Quicksilver Shard
4604	Curse of Shadow
4605	Fulminated Quicksilver
4610	Night Shard
4620	Night Comet
4621	Quicksilver Comet
4630	Thops's Barrier
4640	Dragonkin Retaliation
4650	Eternal Darkness
4651	Black Moon Eulogy
4652	Pure Darkness
4660	Unseen Blade
4670	Unseen Form
4671	Oath of Darkness
4672	Attune to the Black Moon
4680	Nox Simulacrum
4690	Shadow Arc
4700	Meteorite
4701	Meteorite of Astel
4702	Stellar Bombardment
4710	Rock Sling
4711	Rock Burst
4712	Meteor Sling
4720	Gravity Well
4721	Collapsing Stars
4722	Collapsing Nebula
4730	Implosion
4731	Distortion Field
4740	Rock Heave
4750	Gravity Beam
4760	Crush
4770	Gravity Armor
4780	Cosmic Tunnel
4790	Primeval Alignment
4791	Meteoric Alignment
4800	Magma Shot
4801	Lava Dart
4802	Burning Rancor
4810	Gelmir's Fury
4811	Lava Spray
4820	Roiling Magma
4830	Rykard's Rancor
4840	Pyroclasm
4841	Lava Blast
4842	Lava Bomb
4850	Familial Consumption
4851	Blasphemer's Outrage
4852	Embrace the Devourer
4853	Superheat
4854	Living Forge
4860	Lava Pool
4861	Molten Stride
4870	Magma Missile
4871	Vortex of Eiglay
4872	Inferno
4880	Slag Spears
4881	Annealed Slag
4890	Molten Spikes
4891	Furnace Maul
4900	Briars of Sin
4901	Thorn Burst
4910	Briars of Punishment
4911	Crimson Rose
4920	Body of Briar
4921	Strangling Briars
4930	Red Glintstone Razor
4931	Blood Comet
4932	Red Glintstone Shards
4940	Telekinetic Assault
4941	Telekinetic Shell
4950	Eochaid's Sap
4951	Crimson Greatblade
4960	Blood Star
4970	Close Wound
4971	Ritual of Desecration
4972	Sadistic Glee
4980	Briar-Wrapped Armament
4990	Aberrant Ascension
4991	Blood Revelry
5000	Rancorcall
5001	Ancient Death Rancor
5002	Rancor Bolt
5010	Ghostflame Cannon
5011	Rancorstorm
5012	Ritual of Ghostflame
5020	Fia's Mist
5021	Lingering Blight
5022	Curse of Putrefaction
5023	Wave of Corruption
5030	Tibia's Summons
5031	Tibia's Conversion
5032	Tibia's Onslaught
5040	Death Lightning Storm
5041	Death Spark
5042	Death Knight's Supplication
5043	Death Lightning Stake
5044	Death Lightning Barrage
5050	Sacrifice
5060	Ghostflame Embrace
5061	Soul Steal
5070	Blighted Armament
5080	Accursed Binding
5081	Rally the Legion
5082	Reassemble
5090	Godwyn's Vengeance
5091	Phoenix of Death
5100	Cragbolt Bubbles
5110	Great Dragonkin Bubble
5120	Great Bubble Volley
5130	Armor of Bubbles
5131	Underworld Bubbleshield
5140	Dragonkin Innervation
5150	Bubble Snare
5160	Galvanic Barrier
5170	Cragbolt Dynamo
5180	Galvanic Icefang
5190	Maker's Lament
5200	Storm Gust
5201	Twister
5202	Storm Strike
5210	Rebuff
5211	Gathering Storm
5220	Whirlwind
5221	Cyclone
5222	Tornado
5230	Gale Blast
5231	Storm Spear
5232	Tempest Lance
5240	Storm Arc
5241	Storm Call
5242	Storm Shatter
5250	Storm Armament
5260	Cloud Form
5261	Dematerialize
5270	Suffocate
5271	Air Tax
5280	Stormcaller's Sublimity
5281	Tempest Form
5282	Tempest Embrace
5283	Tempest Embrace
5290	Windborne Vault
5291	Zephyr Strike
5292	Storm Arc Volley
5293	Lion's Breath
6000	Catch Flame
6001	Great Flame
6010	Flame Sling
6020	Flame Scatter
6030	Flame Whirl
6031	Incinerate
6040	Purging Flames
6050	Stoke the Flames
6060	Giantsflame Protection
6070	Cyclopean Prophecy
6080	Flaming Armament
6100	Great Flame Sling
6110	Flame of the Fell God
6111	Anger of the Fell God
6120	Flame Pillars
6130	Fell Missile
6140	Flame Strike
6150	Abyssal Flame Dance
6190	Flame Surge
6191	Serpent Flame Surge
6200	Black Flame Dart
6201	Black Flame Burst
6202	Godslayer Sickle
6210	Black Flame Orb
6211	Burrowing Black Flame
6220	Black Firestorm
6221	Twilight Wisp
6222	Entwined Flare
6223	Twilight Vortex
6224	Soul Tether
6225	Sever the Thread
6230	Scouring Black Flame
6231	Black Flame Wave
6240	Black Flame Ritual
6250	Black Flame Blade
6260	Blessing of Gloam
6261	Godslayer's Devotion
6262	Wrath of the Queen
6270	Noble Presence
6280	Black Flame Mortar
6290	Soul Sear
6291	Deicide
6292	Soul Annihilation
6293	Dusk Bolt
6300	Bloodflame Talons
6301	Blood Seeker
6302	Sanguine Pull
6303	Boiling Blood
6304	Dynastic Sacrament
6310	Bloodboon Scatter
6311	Bloodboon Spray
6312	Bloodboon Slash
6313	Bloodflame Missile
6314	Bloodflame Outburst
6315	Blood Rain
6320	Bloodflame Blade
6321	Hex of Mohgwyn
6322	Siphon the Formless
6323	Outer Realm's Gift
6324	Dynastic Replenishment
6325	Purifying Cautery
6330	Barrier of Gold
6340	Protection of the Erdtree
6350	Bloodflame Scatter
6360	Nihil
6370	Blood Pact
6371	Hidden Mother's Blessing
6400	Rejection
6410	Wrath of Gold
6420	Urgent Heal
6421	Heal
6422	Great Heal
6423	Lord's Heal
6424	Erdtree Heal
6430	Blessing's Boon
6431	Blessing of the Erdtree
6440	Cure Poison
6441	Lord's Aid
6450	Flame Fortification
6460	Magic Fortification
6470	Lightning Fortification
6480	Divine Fortification
6490	Lord's Divine Fortification
6500	Night Maiden's Mist
6501	Night Maiden's Fog
6510	Assassin's Approach
6520	Shadow Bait
6530	Darkness
6600	Aura of Valor
6610	Rune Shards
6620	Golden Land
6630	Elden Blade
6640	Golden Spear
6641	Morgott's Spear
6700	Discus of Light
6701	Triple Rings of Light
6710	Radagon's Rings of Light
6720	Elden Stars
6730	Law of Regression
6740	Immutable Shield
6741	Golden Displacement
6750	Sacred Ground
6760	Law of Causality
6770	Order's Blade
6780	Order Healing
6790	Blessing of Grace
6791	Blessing of Protection
6792	Blessing of Wisdom
6793	Blessing of Power
6794	Elden Benediction
6800	Gravel Sling
6801	Stone Throw
6810	Stone of Gurranq
6811	Boulder Volley
6820	Beast Claw
6821	Beast Talons
6822	Savage Lunge
6830	Gurranq's Beast Claw
6840	Crucible Vitality
6841	Crucible Regeneration
6842	Stone Skin
6850	Bestial Strength
6851	Bestial Fervor
6852	Source of Creation
6860	Earthen Spikes
6861	Landslide
6870	Earthquake
6871	Seismic Instability
6880	Fissure
6890	Crucible Spear
6891	Stone Spears
6900	Lightning Spear
6901	Lightning Channel
6902	Lightning Orb
6903	Ancient Lightning Spear
6910	Ancient Lightning Storm
6920	Lightning Strike
6921	Frozen Lightning Stake
6922	Ancient Lightning Strike
6930	Honed Bolt
6931	Ancient Honed Bolt
6932	Ancient Lightning Beacon
6940	Ancient Lightning Stake
6941	Fortissax's Lightning Stake
6950	Lansseax's Glaive
6960	Electrify Armament
6970	Vyke's Dragonbolt
6971	Dragonbolt Blessing
6980	Will of the Lichdragon
6981	Ire of the Dragon God
6990	Time Warp
6991	Static Charge
6992	Electrocution
6993	Ageless Innervation
7000	Dragonfire
7001	Agheel's Flame
7010	Magma Breath
7011	Theodorix's Magma
7020	Dragonice
7021	Borealis's Mist
7030	Rotten Breath
7031	Ekzykes's Decay
7040	Glintstone Breath
7041	Smarag's Glintstone Breath
7050	Placidusax's Ruin
7060	Dragonclaw
7080	Dragonmaw
7090	Greyoll's Roar
7200	Pest Threads
7201	Pest Darts
7210	Swarm of Flies
7211	Poison Dart
7212	Blighted Orb
7220	Poison Mist
7221	Poison Orb
7222	Rotten Mist
7230	Poison Armament
7240	Scarlet Aeonia
7241	Rotten Burst
7242	Rotten Cataclysm
7250	Chitinous Shell
7251	Pest's Tenacity
7252	Convert Corruption
7260	Carrion Swarm
7270	Rot Spray
7271	Blighted Contagion
7280	Toxic Spear
7281	Scion's Reaping
7282	Toxic Rupture
7283	Orb of Pestilence
7284	Pest-Thread Storm
7290	Aspect of the Scorpion
7291	Blessing of the Sealed God
7292	Gaze of the Basilisk
7300	Inescapable Frenzy
7301	Touch of Frenzy
7310	The Flame of Frenzy
7311	Unendurable Frenzy
7312	Chaos Beam
7320	Frenzied Burst
7321	Frenzied Flare
7322	Mind Melt
7323	Hyetta's Flare
7330	Howl of Shabriri
7331	Mark of Frenzy
7332	Tendrils of Shabriri
7340	Rain of Chaos
7341	Three Finger Flare
7350	Deranged Fury
7351	Disintegration
7360	Eye of Frenzy
7361	Eye of Chaos
7370	Apocalyptic Flames
7380	Heart of Chaos
7381	Three Finger's Embrace
7390	Frenzied Flame Blade
7400	Soporific Fume
7401	Dream Siphon
7402	Spirit Vapor
7410	Dream Cloak
7411	Phantom Pain
7412	Berserk
7413	Spirit Link
7414	Psychic Agony
7420	Vapor Spray
7421	Blinding Veil
7422	Call to Slumber
7430	Bewitch
7431	Psychic Corrosion
7432	Recurring Nightmare
7440	Vapor Wave
7441	Spirit Siphon
7442	Ancestral Conduit
7450	Spirit Seekers
7460	Seeker Salvo
7470	Fleeting Vapor-fly
7471	Lulling Dart-fly
7480	Spirit Weaving
7481	Dream Meld
7482	Spiritual Equilibrium
7490	Soothing Aura
7491	Tranquility
7492	Invocation of Saint Trina
7500	Crucible Tail
7510	Crucible Horn
7520	Aspects of the Crucible: Breath
7530	Black Blade
7900	Fire's Deadly Sin
7903	Golden Lightning Fortification
8000	Stonesword Key
8010	Rusty Key
8020	Grand Library Key
8030	Mysterious Gate Key
8060	First Keystone of the Forge
8061	Second Keystone of the Forge
8062	Third Keystone of the Forge
8063	Fourth Keystone of the Forge
8064	Fifth Keystone of the Forge
8102	[ERROR]Lucent Baldachin's Blessing
8105	Dectus Medallion (Left)
8106	Dectus Medallion (Right)
8107	Rold Medallion
8109	Academy Glintstone Key
8111	Carian Inverted Statue
8121	Dark Moon Ring
8126	Fingerprint Grape
8127	Letter from Volcano Manor
8128	Tonic of Forgetfulness
8129	Serpent's Amnion
8130	[ERROR]Rya's Necklace
8131	Irina's Letter
8132	Letter from Volcano Manor
8133	Red Letter
8134	Drawing-Room Key
8135	Seaworn Key
8136	Rya's Necklace
8137	Volcano Manor Invitation
8138	Putrid Key
8139	Black Stone Key
8142	Amber Starlight
8143	Seluvis's Introduction
8144	Sellen's Primal Glintstone
8146	Miniature Ranni
8147	[ERROR]Asimi, Silver Tear
8148	Godrick's Great Rune
8149	Radahn's Great Rune
8150	Morgott's Great Rune
8151	Rykard's Great Rune
8152	Mohg's Great Rune
8153	Malenia's Great Rune
8154	Lord of Blood's Favor
8155	Lord of Blood's Favor
8156	[ERROR]Burial Crow's Letter
8158	Spirit Calling Bell
8159	Fingerslayer Blade
8161	Sewing Needle
8162	Gold Sewing Needle
8163	Tailoring Tools
8164	Seluvis's Potion
8165	[ERROR]
8166	Amber Draught
8167	Letter to Patches
8168	Dancer's Castanets
8169	Sellian Sealbreaker
8171	Chrysalids' Memento
8172	Black Knifeprint
8173	Letter to Bernahl
8174	Academy Glintstone Key
8175	Haligtree Secret Medallion (Left)
8176	Haligtree Secret Medallion (Right)
8181	[ERROR]Burial Crow's Letter
8182	Mending Rune of Perfect Order
8183	Mending Rune of the Death-Prince
8184	Mending Rune of the Fell Curse
8185	Larval Tear
8186	Imbued Sword Key
8187	Miniature Ranni
8188	Golden Tailoring Tools
8189	[ERROR]Iji's Confession
8190	Knifeprint Clue
8191	Cursemark of Death
8192	[ERROR]Asimi's Husk
8193	Seedbed Curse
8194	The Stormhawk King
8195	[ERROR]Asimi, Silver Chrysalid
8196	Unalloyed Gold Needle
8197	Sewer-Gaol Key
8198	Meeting Place Map
8199	Discarded Palace Key
8200	"Homing Instinct" Painting
8201	"Resurrection" Painting
8202	"Champion's Song" Painting
8203	"Sorcerer" Painting
8204	"Prophecy" Painting
8205	"Flightless Bird" Painting
8206	"Redmane" Painting
8221	Zorayas's Letter
8222	Alexander's Innards
8223	Rogier's Letter
8224	Note: The Preceptor's Secret
8225	Weathered Map
8226	Note: The Preceptor's Secret
8227	Weathered Map
8230	Map of Tricia’s Secret
8300	Faint Rune of Beasts
8301	Shimmering Rune of Beasts
8302	Glowing Rune of Beasts
8303	Shining Rune of Beasts
8304	Radiant Rune of Beasts
8305	Faint Rune of Order
8306	Shimmering Rune of Order
8307	Glowing Rune of Order
8308	Shining Rune of Order
8309	Radiant Rune of Order
8310	Faint Rune of Fell Flame
8311	Shimmering Rune of Fell Flame
8312	Glowing Rune of Fell Flame
8313	Shining Rune of Fell Flame
8314	Radiant Rune of Fell Flame
8315	Faint Rune of Lightning
8316	Shimmering Rune of Lightning
8317	Glowing Rune of Lightning
8318	Shining Rune of Lightning
8319	Radiant Rune of Lightning
8320	Faint Rune of Black Flame
8321	Shimmering Rune of Black Flame
8322	Glowing Rune of Black Flame
8323	Shining Rune of Black Flame
8324	Radiant Rune of Black Flame
8325	Faint Rune of Frenzied Flame
8326	Shimmering Rune of Frenzied Flame
8327	Glowing Rune of Frenzied Flame
8328	Shining Rune of Frenzied Flame
8329	Radiant Rune of Frenzied Flame
8330	Faint Rune of Bloodflame
8331	Shimmering Rune of Bloodflame
8332	Glowing Rune of Bloodflame
8333	Shining Rune of Bloodflame
8334	Radiant Rune of Bloodflame
8335	Faint Rune of Rot
8336	Shimmering Rune of Rot
8337	Glowing Rune of Rot
8338	Shining Rune of Rot
8339	Radiant Rune of Rot
8340	Faint Rune of Ancestors
8341	Shimmering Rune of Ancestors
8342	Glowing Rune of Ancestors
8343	Shining Rune of Ancestors
8344	Radiant Rune of Ancestors
8345	Faint Glintstone Rune
8346	Shimmering Glintstone Rune
8347	Glowing Glintstone Rune
8348	Shining Glintstone Rune
8349	Radiant Glintstone Rune
8350	Faint Rune of Gravity
8351	Shimmering Rune of Gravity
8352	Glowing Rune of Gravity
8353	Shining Rune of Gravity
8354	Radiant Rune of Gravity
8355	Faint Rune of the Dragonkin
8356	Shimmering Rune of the Dragonkin
8357	Glowing Rune of the Dragonkin
8358	Shining Rune of the Dragonkin
8359	Radiant Rune of the Dragonkin
8360	Faint Rune of Magma
8361	Shimmering Rune of Magma
8362	Glowing Rune of Magma
8363	Shining Rune of Magma
8364	Radiant Rune of Magma
8365	Faint Rune of Night
8366	Shimmering Rune of Night
8367	Glowing Rune of Night
8368	Shining Rune of Night
8369	Radiant Rune of Night
8370	Faint Rune of Necromancy
8371	Shimmering Rune of Necromancy
8372	Glowing Rune of Necromancy
8373	Shining Rune of Necromancy
8374	Radiant Rune of Necromancy
8375	Faint Rune of the Storm
8376	Shimmering Rune of the Storm
8377	Glowing Rune of the Storm
8378	Shining Rune of the Storm
8379	Radiant Rune of the Storm
8380	Faint Rune of Frost
8381	Shimmering Rune of Frost
8382	Glowing Rune of Frost
8383	Shining Rune of Frost
8384	Radiant Rune of Frost
8385	Faint Rune of Thorns
8386	Shimmering Rune of Thorns
8387	Glowing Rune of Thorns
8388	Shining Rune of Thorns
8389	Radiant Rune of Thorns
8400	Shadow Rune of Beasts
8405	Shadow Rune of Order
8410	Shadow Rune of Fell Flame
8415	Shadow Rune of Lightning
8420	Shadow Rune of Black Flame
8425	Shadow Rune of Frenzied Flame
8430	Shadow Rune of Bloodflame
8435	Shadow Rune of Rot
8440	Shadow Rune of Ancestors
8445	Shadow Glintstone Rune
8450	Shadow Rune of Gravity
8455	Shadow Rune of the Dragonkin
8460	Shadow Rune of Magma
8465	Shadow Rune of Night
8470	Shadow Rune of Necromancy
8475	Shadow Rune of the Storm
8480	Shadow Rune of Frost
8485	Shadow Rune of Thorns
8500	Crafting Kit
8510	Broken Perfumer’s Censer
8511	Perfumer’s Essence of Fire
8512	Perfumer’s Essence of Frost
8513	Perfumer’s Essence of Lightning
8514	Perfumer’s Essence of Frenzy
8550	Magma Rune Fragment
8590	Whetstone Knife
8600	Map: Limgrave, West
8601	Map: Weeping Peninsula
8602	Map: Limgrave, East
8603	Map: Liurnia, East
8604	Map: Liurnia, North
8605	Map: Liurnia, West
8606	Map: Altus Plateau
8607	Map: Leyndell, Royal Capital
8608	Map: Mt. Gelmir
8609	Map: Caelid
8610	Map: Dragonbarrow
8611	Map: Mountaintops of the Giants, West
8612	Map: Mountaintops of the Giants, East
8613	Map: Ainsel River
8614	Map: Lake of Rot
8615	Map: Siofra River
8616	Map: Mohgwyn Palace
8617	Map: Deeproot Depths
8618	Map: Consecrated Snowfield
8620	Map: Limgrave
8621	Map: Caelid
8622	Map: Liurnia
8623	Map: Altus Plateau
8624	Map: Mountaintops of the Giants
8625	Map: Consecrated Snowfield
8626	Map: Farum Azula
8627	Map: Underworld
8628	Map: Realm of Shadows
8660	Mirage Riddle
8700	Note: Hidden Cave
8701	Note: Imp Shades
8702	Note: Flask of Wondrous Physick
8703	Note: Stonedigger Trolls
8704	Note: Wandering Mausoleum
8705	Note: Unseen Assassins
8706	[ERROR]Note: Great Coffins
8707	Note: Flame Chariots
8708	Note: Demi-human Mobs
8709	Note: Land Squirts
8710	Note: Gravity's Advantage
8711	Note: Revenants
8712	Note: Waypoint Ruins
8713	Note: Gateway
8714	Note: Miquella's Needle
8715	Note: Frenzied Flame Village
8716	Note: The Lord of Frenzied Flame
8717	Note: Below the Capital
8750	Note: Hidden Cave
8751	Note: Imp Shades
8752	Note: Flask of Wondrous Physick
8753	Note: Stonedigger Trolls
8754	Note: Wandering Mausoleum
8755	Note: Unseen Assassins
8756	[ERROR]Note: Great Coffins
8757	Note: Flame Chariots
8758	Note: Demi-human Mobs
8759	Note: Land Squirts
8760	Note: Gravity's Advantage
8761	Note: Revenants
8762	Note: Waypoint Ruins
8763	Note: Gateway
8765	Note: Frenzied Flame Village
8767	Note: Below the Capital
8800	Note: Path of the Retainer
8801	Note: Path of the Vanguard
8802	Note: Path of the Marksman
8803	Note: Path of the Berserker
8804	Note: Path of the Dreadnought
8805	Note: Path of the Sellsword
8806	Note: Path of the Rogue
8807	Note: Path of the Glint Sorcerer
8808	Note: Path of the Starcaller
8809	Note: Path of the Underworld Mage
8810	Note: Path of the Volcanist
8811	Note: Path of the Stormcaller
8812	Note: Path of the Nox Oracle
8813	Note: Path of the Necromancer
8814	Note: Path of the Frost Witch
8815	Note: Path of the Aberrant Heretic
8816	Note: Path of the Flame Prophet
8817	Note: Path of the Fundamentalist
8818	Note: Path of the Bestial Devout
8819	Note: Path of the Dragon Cultist
8820	Note: Path of the Godskin Celebrant
8821	Note: Path of the Frenzied Zealot
8822	Note: Path of the Blood Initiate
8823	Note: Path of the Servant of Rot
8824	Note: Path of the Mystic
8825	Note: Path of the Perfumer
8826	Note: Path of the Prisoner
8850	Conspectus Scroll
8851	Royal House Scroll
8852	[ERROR]
8853	[ERROR]
8854	[ERROR]
8855	Fire Monks' Prayerbook
8856	Giant's Prayerbook
8857	Godskin Prayerbook
8858	Two Fingers' Prayerbook
8859	Assassin's Prayerbook
8860	Erdtree Prayerbook
8861	Erdtree Codex
8862	Golden Order Principia
8863	[ERROR]Golden Order Principles
8864	Dragon Cult Prayerbook
8865	Ancient Dragon Prayerbook
8866	Academy Scroll
8870	Note: Weapons for Retainer
8871	Note: Weapons for Vanguard
8872	Note: Weapons for Marksman
8873	Note: Weapons for Berserker
8874	Note: Weapons for Dreadnought
8875	Note: Weapons for Sellsword
8876	Note: Weapons for Rogue
8877	Note: Weapons for Glint Sorcerer
8878	Note: Weapons for Starcaller
8879	Note: Weapons for Underworld Mage
8880	Note: Weapons for Volcanist
8881	Note: Weapons for Stormcaller
8882	Note: Weapons for Nox Oracle
8883	Note: Weapons for Necromancer
8884	Note: Weapons for Frost Witch
8885	Note: Weapons for Aberrant Heretic
8886	Note: Weapons for Flame Prophet
8887	Note: Weapons for Fundamentalist
8888	Note: Weapons for Bestial Devout
8889	Note: Weapons for Dragon Cultist
8890	Note: Weapons for Godskin Celebrant
8891	Note: Weapons for Frenzied Zealot
8892	Note: Weapons for Blood Initiate
8893	Note: Weapons for Servant of Rot
8894	Note: Weapons for Mystic
8895	Note: Weapons for Perfumer
8910	Pidia's Bell Bearing
8911	Seluvis's Bell Bearing
8912	Patches' Bell Bearing
8913	Sellen's Bell Bearing
8914	[ERROR]
8915	D's Bell Bearing
8916	Bernahl's Bell Bearing
8917	Miriel's Bell Bearing
8918	Gostoc's Bell Bearing
8919	Thops's Bell Bearing
8920	Kalé's Bell Bearing
8921	Nomadic Merchant's Bell Bearing [1]
8922	Woodsman Merchant's Bell Bearing
8923	Survivalist Merchant's Bell Bearing
8924	Herbalist Merchant's Bell Bearing
8925	Nomadic Merchant's Bell Bearing [5]
8926	Collector Merchant's Bell Bearing
8927	Isolated Merchant's Bell Bearing [2]
8928	Nomadic Merchant's Bell Bearing [6]
8929	Hermit Merchant's Bell Bearing [1]
8930	Nomadic Merchant's Bell Bearing [7]
8931	Nomadic Merchant's Bell Bearing [8]
8932	Nomadic Merchant's Bell Bearing [9]
8933	Nomadic Merchant's Bell Bearing [10]
8934	[ERROR]Nomadic Merchant's Bell Bearing [11]
8935	Isolated Merchant's Bell Bearing [3]
8936	Hermit Merchant's Bell Bearing [2]
8937	Abandoned Merchant's Bell Bearing
8938	Hermit Merchant's Bell Bearing [3]
8939	Imprisoned Merchant's Bell Bearing
8940	Iji's Bell Bearing
8941	Rogier's Bell Bearing
8942	Blackguard's Bell Bearing
8943	Corhyn's Bell Bearing
8944	Gowry's Bell Bearing
8945	Bone Peddler's Bell Bearing
8946	Meat Peddler's Bell Bearing
8947	Medicine Peddler's Bell Bearing
8948	Gravity Stone Peddler's Bell Bearing
8949	[ERROR]
8950	[ERROR]
8951	Smithing-Stone Miner's Bell Bearing [1]
8952	Smithing-Stone Miner's Bell Bearing [2]
8953	Smithing-Stone Miner's Bell Bearing [3]
8954	Smithing-Stone Miner's Bell Bearing [4]
8955	Somberstone Miner's Bell Bearing [1]
8956	Somberstone Miner's Bell Bearing [2]
8957	Somberstone Miner's Bell Bearing [3]
8958	Somberstone Miner's Bell Bearing [4]
8959	Somberstone Miner's Bell Bearing [5]
8960	Glovewort Picker's Bell Bearing [1]
8961	Glovewort Picker's Bell Bearing [2]
8962	Glovewort Picker's Bell Bearing [3]
8963	Ghost-Glovewort Picker's Bell Bearing [1]
8964	Ghost-Glovewort Picker's Bell Bearing [2]
8965	Ghost-Glovewort Picker's Bell Bearing [3]
8970	Iron Whetblade
8971	Red-Hot Whetblade
8972	Sanctified Whetblade
8973	Glintstone Whetblade
8974	Black Whetblade
8975	Unalloyed Gold Needle
8976	Unalloyed Gold Needle
8977	Valkyrie's Prosthesis
8978	Sellia's Secret
8979	Beast Eye
8980	Weathered Dagger
8981	Shadow Stone Bell Bearing [1]
8982	Shadow Stone Bell Bearing [2]
8983	Shadow Stone Bell Bearing [3]
8984	Somber Shadow Stone Bell Bearing [1]
8985	Somber Shadow Stone Bell Bearing [2]
8986	Somber Shadow Stone Bell Bearing [3]
9000	Bow
9001	Polite Bow
9002	My Thanks
9003	Curtsy
9004	Reverential Bow
9005	My Lord
9006	Warm Welcome
9007	Wave
9008	Casual Greeting
9009	Strength!
9010	As You Wish
9011	Point Forwards
9012	Point Upwards
9013	Point Downwards
9014	Beckon
9015	Wait!
9016	Calm Down!
9017	Nod In Thought
9018	Extreme Repentance
9019	Grovel For Mercy
9020	Rallying Cry
9021	Heartening Cry
9022	By My Sword
9023	Hoslow's Oath
9024	Fire Spur Me
9025	The Carian Oath
9026	Bravo!
9027	Jump for Joy
9028	Triumphant Delight
9029	Fancy Spin
9030	Finger Snap
9031	Dejection
9032	Patches' Crouch
9033	Crossed Legs
9034	Rest
9035	Sitting Sideways
9036	Dozing Cross-Legged
9037	Spread Out
9038	Fetal Position
9039	Balled Up
9040	What Do You Want?
9041	Prayer
9042	Desperate Prayer
9043	Rapture
9045	Erudition
9046	Outer Order
9047	Inner Order
9048	Golden Order Totality
9049	The Ring
9050	The Ring
9100	About Sites of Grace
9101	About Sorceries and Incantations
9102	About Bows
9103	About Crouching
9104	About Stance-Breaking
9105	About Stakes of Marika
9106	About Guard Counters
9107	About the Map
9108	About Guidance of Grace
9109	About Horseback Riding
9110	About Death
9111	About Summoning Spirits
9112	About Guarding
9113	About Item Crafting
9115	About Flask of Wondrous Physick
9116	About Adding Skills
9117	About Birdseye Telescopes
9118	About Spiritspring Jumping
9119	About Vanquishing Enemy Groups
9120	About Teardrop Scarabs
9121	About Summoning Other Players
9122	About Cooperative Multiplayer
9123	About Competitive Multiplayer
9124	About Invasion Multiplayer
9125	About Hunter Multiplayer
9126	About Summoning Pools
9127	About Monument Icon
9128	About Requesting Help from Hunters
9129	About Skills
9130	About Fast Travel to Sites of Grace
9131	About Strengthening Armaments
9132	About Roundtable Hold
9133	Note: Redeemers
9134	About Materials
9135	About Containers
9136	About Adding Affinities
9137	About Pouches
9138	About Dodging
9140	About Wielding Armaments
9141	About Great Runes
9142	About the Cave of Knowledge
9150	About Duels
9151	About United Combat and Combat Ordeals
9152	About Combat with Spirit Ashes
9153	About Marika's Effigy at the Roundtable
9195	[ERROR]About Multiplayer
9200	Carrier Pigeon Letter [1]
9201	Carrier Pigeon Letter [2]
9300	Nomadic Warrior's Cookbook [1]
9301	Nomadic Warrior's Cookbook [3]
9302	Nomadic Warrior's Cookbook [6]
9303	Nomadic Warrior's Cookbook [10]
9304	[ERROR]Fugitive Warrior's Recipe [5]
9305	Nomadic Warrior's Cookbook [7]
9306	Nomadic Warrior's Cookbook [12]
9307	Nomadic Warrior's Cookbook [19]
9308	Nomadic Warrior's Cookbook [13]
9309	Nomadic Warrior's Cookbook [23]
9310	Nomadic Warrior's Cookbook [17]
9311	Nomadic Warrior's Cookbook [2]
9312	Nomadic Warrior's Cookbook [21]
9313	Missionary's Cookbook [6]
9314	[ERROR]
9315	[ERROR]
9316	[ERROR]
9317	[ERROR]
9318	[ERROR]
9319	[ERROR]
9320	Armorer's Cookbook [1]
9321	Armorer's Cookbook [2]
9322	Nomadic Warrior's Cookbook [11]
9323	Nomadic Warrior's Cookbook [20]
9324	[ERROR]Armorer's Cookbook (5)
9325	Armorer's Cookbook [7]
9326	Armorer's Cookbook [4]
9327	Nomadic Warrior's Cookbook [18]
9328	Armorer's Cookbook [3]
9329	Nomadic Warrior's Cookbook [16]
9330	Armorer's Cookbook [6]
9331	Armorer's Cookbook [5]
9332	[ERROR]
9333	[ERROR]
9334	[ERROR]
9335	[ERROR]
9336	[ERROR]
9337	[ERROR]
9338	[ERROR]
9339	[ERROR]
9340	Glintstone Craftsman's Cookbook [4]
9341	Glintstone Craftsman's Cookbook [1]
9342	Glintstone Craftsman's Cookbook [5]
9343	Nomadic Warrior's Cookbook [9]
9344	Glintstone Craftsman's Cookbook [8]
9345	Glintstone Craftsman's Cookbook [2]
9346	Glintstone Craftsman's Cookbook [6]
9347	Glintstone Craftsman's Cookbook [7]
9348	Glintstone Craftsman's Cookbook [3]
9349	[ERROR]
9350	[ERROR]
9351	[ERROR]
9352	[ERROR]
9353	[ERROR]
9354	[ERROR]
9355	[ERROR]
9356	[ERROR]
9357	[ERROR]
9358	[ERROR]
9359	[ERROR]
9360	Missionary's Cookbook [2]
9361	Missionary's Cookbook [1]
9362	[ERROR]Missionary's Cookbook (3)
9363	Missionary's Cookbook [5]
9364	Missionary's Cookbook [4]
9365	Missionary's Cookbook [3]
9366	[ERROR]
9367	[ERROR]
9368	[ERROR]
9369	[ERROR]
9370	[ERROR]
9380	Nomadic Warrior's Cookbook [4]
9381	[ERROR]Perfumer's Cookbook (1)
9382	[ERROR]Perfumer's Cookbook (2)
9383	Nomadic Warrior's Cookbook [5]
9384	Perfumer's Cookbook [1]
9385	Perfumer's Cookbook [2]
9386	Perfumer's Cookbook [3]
9387	Nomadic Warrior's Cookbook [14]
9388	Nomadic Warrior's Cookbook [8]
9389	Nomadic Warrior's Cookbook [22]
9390	Nomadic Warrior's Cookbook [15]
9391	Nomadic Warrior's Cookbook [24]
9392	Perfumer's Cookbook [4]
9393	[ERROR]Perfumer's Cookbook (13)
9394	[ERROR]
9395	[ERROR]
9396	[ERROR]
9397	[ERROR]
9398	[ERROR]
9399	[ERROR]
9400	Ancient Dragon Apostle's Cookbook [1]
9401	Ancient Dragon Apostle's Cookbook [2]
9402	Ancient Dragon Apostle's Cookbook [4]
9403	Ancient Dragon Apostle's Cookbook [3]
9404	[ERROR]
9405	[ERROR]
9406	[ERROR]
9407	[ERROR]
9408	[ERROR]
9409	[ERROR]
9410	[ERROR]
9420	Fevor's Cookbook [1]
9421	Fevor's Cookbook [3]
9422	Fevor's Cookbook [2]
9423	Missionary's Cookbook [7]
9424	[ERROR]
9425	[ERROR]
9426	[ERROR]
9427	[ERROR]
9428	[ERROR]
9429	[ERROR]
9430	[ERROR]
9440	Frenzied's Cookbook [1]
9441	Frenzied's Cookbook [2]
9442	[ERROR]
9443	[ERROR]
9444	[ERROR]
9445	[ERROR]
9446	[ERROR]
9447	[ERROR]
9448	[ERROR]
9449	[ERROR]
9450	[ERROR]
9500	Cracked Pot
9501	Ritual Pot
9510	Perfume Bottle
10000	Glass Shard
10010	Golden Seed
10020	Sacred Tear
10030	Memory Stone
10040	Talisman Pouch
10060	Dragon Heart
10070	Lost Ashes of War
10080	Great Rune of the Unborn
10100	Smithing Stone [1]
10101	Smithing Stone
10102	Smithing Stone [3]
10103	Smithing Stone [4]
10104	Smithing Stone [5]
10105	Large Smithing Stone
10106	Smithing Stone [7]
10107	Great Smithing Stone
10110	Shadow Smithing Stone
10111	Large Shadow Smithing Stone
10112	Great Shadow Smithing Stone
10113	Colossal Shadow Smithing Stone
10114	Primordial Shadow Smithing Stone
10140	Ancient Smithing Stone
10160	Somber Stone
10161	Somber Smithing Stone [2]
10162	Somber Smithing Stone [3]
10163	Somber Smithing Stone [4]
10164	Large Somber Stone
10165	Great Somber Stone
10166	Somber Smithing Stone [7]
10167	Colossal Somber Stone
10168	Ancient Somber Stone
10170	Somber Shadow Stone
10171	Large Somber Shadow Stone
10172	Great Somber Shadow Stone
10173	Colossal Somber Shadow Stone
10174	Primordial Somber Shadow Stone
10200	Somber Smithing Stone [9]
10900	Sprouting Grave Glovewort
10901	Grave Glovewort [2]
10902	Grave Glovewort [3]
10903	Seedling Grave Glovewort
10904	Grave Glovewort [5]
10905	Grave Glovewort [6]
10906	Budding Grave Glovewort
10907	Grave Glovewort [8]
10908	Blooming Grave Glovewort
10909	Elder Grave Glovewort
10910	Sprouting Ghost Glovewort
10911	Ghost Glovewort [2]
10912	Ghost Glovewort [3]
10913	Seedling Ghost Glovewort
10914	Ghost Glovewort [5]
10915	Ghost Glovewort [6]
10916	Budding Ghost Glovewort
10917	Ghost Glovewort [8]
10918	Blooming Ghost Glovewort
10919	Elder Ghost Glovewort
11000	Crimsonspill Crystal Tear
11001	Greenspill Crystal Tear
11002	Crimson Crystal Tear
11003	Crimson Crystal Tear
11004	Cerulean Crystal Tear
11005	Cerulean Crystal Tear
11006	Speckled Hardtear
11007	Crimson Bubbletear
11008	Opaline Bubbletear
11009	Crimsonburst Crystal Tear
11010	Greenburst Crystal Tear
11011	Opaline Hardtear
11012	Winged Crystal Tear
11013	Thorny Cracked Tear
11014	Spiked Cracked Tear
11015	Windy Crystal Tear
11016	Ruptured Crystal Tear
11017	Ruptured Crystal Tear
11018	Leaden Hardtear
11019	Twiggy Cracked Tear
11020	Crimsonwhorl Bubbletear
11021	Strength-knot Crystal Tear
11022	Dexterity-knot Crystal Tear
11023	Intelligence-knot Crystal Tear
11024	Faith-knot Crystal Tear
11025	Cerulean Hidden Tear
11026	Stonebarb Cracked Tear
11027	Purifying Crystal Tear
11028	Flame-Shrouding Cracked Tear
11029	Magic-Shrouding Cracked Tear
11030	Lightning-Shrouding Cracked Tear
11031	Holy-Shrouding Cracked Tear
11032	Stone-Shrouding Cracked Tear
11033	Arcane-knot Crystal Tear
11034	Knight's Crystal Tear
11035	Battlemage's Crystal Tear
11036	Templar's Crystal Tear
11037	Barbarian's Crystal Tear
11038	Assassin's Crystal Tear
11039	Inquisitor's Crystal Tear
11040	Rogue's Crystal Tear
11041	Zealot's Crystal Tear
11042	Witch's Crystal Tear
11043	Cultist's Crystal Tear
11050	Waterblade Cracked Tear
11051	Stonetalon Cracked Tear
11052	Windbarb Cracked Tear
11053	Shadowblade Cracked Tear
11054	Stoneblade Cracked Tear
11055	Stonehoof Cracked Tear
11056	Ceruleanburst Crystal Tear
11057	Ceruleanspill Crystal Tear
15000	Sliver of Meat
15010	Beast Liver
15020	Lump of Flesh
15030	Beast Blood
15040	Old Fang
15050	Budding Horn
15060	Flight Pinion
15070	Hidden Plumage
15080	Four-Toed Fowl Foot
15090	Turtle Neck Meat
15100	Human Bone Shard
15110	Great Dragonfly Head
15120	Slumbering Egg
15130	Crab Eggs
15140	Land Octopus Ovary
15150	Miranda Powder
15160	Strip of White Flesh
15310	Golden Dung
15340	Thin Beast Bones
15341	Hefty Beast Bone
15390	Glinstone Scrap
15400	String
15410	Living Jar Shard
15420	Albinauric Bloodclot
15430	Stormhawk Feather
20650	Poisonbloom
20651	Trina's Lily
20652	Fulgurbloom
20653	Miquella's Lily
20654	Grave Violet
20660	Faded Erdleaf Flower
20680	Erdleaf Flower
20681	Altus Bloom
20682	Fire Blossom
20683	Golden Sunflower
20685	Tarnished Golden Sunflower
20690	Herba
20691	Arteria Leaf
20710	Dewkissed Herba
20720	Rowa Fruit
20721	Golden Rowa
20722	Rimed Rowa
20723	Bloodrose
20740	Eye of Yelough
20750	Crystal Bud
20751	Rimed Crystal Bud
20753	Sacramental Bud
20760	Mushroom
20761	Melted Mushroom
20770	Toxic Mushroom
20775	Root Resin
20780	Cracked Crystal
20795	Sanctuary Stone
20800	Nascent Butterfly
20801	Aeonian Butterfly
20802	Smoldering Butterfly
20810	Silver Firefly
20811	Gold Firefly
20812	Glintstone Firefly
20820	Golden Centipede
20825	Silver Tear Husk
20830	Gold-Tinged Excrement
20831	Blood-Tainted Excrement
20840	Cave Moss
20841	Budding Cave Moss
20842	Crystal Cave Moss
20845	Yellow Ember
20850	Volcanic Stone
20852	Formic Rock
20855	Gravel Stone
20900	Essence Physick Remnant
20901	Elemental Physick Remnant
20902	Prowess Physick Remnant
20903	Invigorating Physick Remnant
20904	Enduring Physick Remnant
20950	Combat Remnant
20951	Heirloom Remnant
20952	Faint Relic Remnant
20953	Shimmering Relic Remnant
20954	Glowing Relic Remnant
20955	Shining Relic Remnant
20956	Enchanted Remnant
20957	Warding Remnant
51760	[ERROR]
200000	Black Knife Tiche
200001	Black Knife Tiche +1
200002	Black Knife Tiche +2
200003	Black Knife Tiche +3
200004	Black Knife Tiche +4
200005	Black Knife Tiche +5
200006	Black Knife Tiche +6
200007	Black Knife Tiche +7
200008	Black Knife Tiche +8
200009	Black Knife Tiche +9
200010	Black Knife Tiche +10
201000	Banished Knight Oleg
201001	Banished Knight Oleg +1
201002	Banished Knight Oleg +2
201003	Banished Knight Oleg +3
201004	Banished Knight Oleg +4
201005	Banished Knight Oleg +5
201006	Banished Knight Oleg +6
201007	Banished Knight Oleg +7
201008	Banished Knight Oleg +8
201009	Banished Knight Oleg +9
201010	Banished Knight Oleg +10
202000	Banished Knight Engvall
202001	Banished Knight Engvall +1
202002	Banished Knight Engvall +2
202003	Banished Knight Engvall +3
202004	Banished Knight Engvall +4
202005	Banished Knight Engvall +5
202006	Banished Knight Engvall +6
202007	Banished Knight Engvall +7
202008	Banished Knight Engvall +8
202009	Banished Knight Engvall +9
202010	Banished Knight Engvall +10
203000	Fanged Imp Ashes
203001	Fanged Imp Ashes +1
203002	Fanged Imp Ashes +2
203003	Fanged Imp Ashes +3
203004	Fanged Imp Ashes +4
203005	Fanged Imp Ashes +5
203006	Fanged Imp Ashes +6
203007	Fanged Imp Ashes +7
203008	Fanged Imp Ashes +8
203009	Fanged Imp Ashes +9
203010	Fanged Imp Ashes +10
204000	Latenna the Albinauric
204001	Latenna the Albinauric +1
204002	Latenna the Albinauric +2
204003	Latenna the Albinauric +3
204004	Latenna the Albinauric +4
204005	Latenna the Albinauric +5
204006	Latenna the Albinauric +6
204007	Latenna the Albinauric +7
204008	Latenna the Albinauric +8
204009	Latenna the Albinauric +9
204010	Latenna the Albinauric +10
205000	Nomad Ashes
205001	Nomad Ashes +1
205002	Nomad Ashes +2
205003	Nomad Ashes +3
205004	Nomad Ashes +4
205005	Nomad Ashes +5
205006	Nomad Ashes +6
205007	Nomad Ashes +7
205008	Nomad Ashes +8
205009	Nomad Ashes +9
205010	Nomad Ashes +10
206000	Nightmaiden & Swordstress Puppets
206001	Nightmaiden & Swordstress Puppets +1
206002	Nightmaiden & Swordstress Puppets +2
206003	Nightmaiden & Swordstress Puppets +3
206004	Nightmaiden & Swordstress Puppets +4
206005	Nightmaiden & Swordstress Puppets +5
206006	Nightmaiden & Swordstress Puppets +6
206007	Nightmaiden & Swordstress Puppets +7
206008	Nightmaiden & Swordstress Puppets +8
206009	Nightmaiden & Swordstress Puppets +9
206010	Nightmaiden & Swordstress Puppets +10
207000	Mimic Tear Ashes
207001	Mimic Tear Ashes +1
207002	Mimic Tear Ashes +2
207003	Mimic Tear Ashes +3
207004	Mimic Tear Ashes +4
207005	Mimic Tear Ashes +5
207006	Mimic Tear Ashes +6
207007	Mimic Tear Ashes +7
207008	Mimic Tear Ashes +8
207009	Mimic Tear Ashes +9
207010	Mimic Tear Ashes +10
208000	Crystalian Ashes
208001	Crystalian Ashes +1
208002	Crystalian Ashes +2
208003	Crystalian Ashes +3
208004	Crystalian Ashes +4
208005	Crystalian Ashes +5
208006	Crystalian Ashes +6
208007	Crystalian Ashes +7
208008	Crystalian Ashes +8
208009	Crystalian Ashes +9
208010	Crystalian Ashes +10
209000	Ancestral Follower Ashes
209001	Ancestral Follower Ashes +1
209002	Ancestral Follower Ashes +2
209003	Ancestral Follower Ashes +3
209004	Ancestral Follower Ashes +4
209005	Ancestral Follower Ashes +5
209006	Ancestral Follower Ashes +6
209007	Ancestral Follower Ashes +7
209008	Ancestral Follower Ashes +8
209009	Ancestral Follower Ashes +9
209010	Ancestral Follower Ashes +10
210000	Winged Misbegotten Ashes
210001	Winged Misbegotten Ashes + 1
210002	Winged Misbegotten Ashes + 2
210003	Winged Misbegotten Ashes + 3
210004	Winged Misbegotten Ashes + 4
210005	Winged Misbegotten Ashes + 5
210006	Winged Misbegotten Ashes + 6
210007	Winged Misbegotten Ashes + 7
210008	Winged Misbegotten Ashes + 8
210009	Winged Misbegotten Ashes + 9
210010	Winged Misbegotten Ashes + 10
211000	Albinauric Ashes
211001	Albinauric Ashes +1
211002	Albinauric Ashes +2
211003	Albinauric Ashes +3
211004	Albinauric Ashes +4
211005	Albinauric Ashes +5
211006	Albinauric Ashes +6
211007	Albinauric Ashes +7
211008	Albinauric Ashes +8
211009	Albinauric Ashes +9
211010	Albinauric Ashes +10
212000	Skeletal Militiaman Ashes
212001	Skeletal Militiaman Ashes +1
212002	Skeletal Militiaman Ashes +2
212003	Skeletal Militiaman Ashes +3
212004	Skeletal Militiaman Ashes +4
212005	Skeletal Militiaman Ashes +5
212006	Skeletal Militiaman Ashes +6
212007	Skeletal Militiaman Ashes +7
212008	Skeletal Militiaman Ashes +8
212009	Skeletal Militiaman Ashes +9
212010	Skeletal Militiaman Ashes +10
213000	Skeletal Bandit Ashes
213001	Skeletal Bandit Ashes +1
213002	Skeletal Bandit Ashes +2
213003	Skeletal Bandit Ashes +3
213004	Skeletal Bandit Ashes +4
213005	Skeletal Bandit Ashes +5
213006	Skeletal Bandit Ashes +6
213007	Skeletal Bandit Ashes +7
213008	Skeletal Bandit Ashes +8
213009	Skeletal Bandit Ashes +9
213010	Skeletal Bandit Ashes +10
214000	Oracle Envoy Ashes
214001	Oracle Envoy Ashes +1
214002	Oracle Envoy Ashes +2
214003	Oracle Envoy Ashes +3
214004	Oracle Envoy Ashes +4
214005	Oracle Envoy Ashes +5
214006	Oracle Envoy Ashes +6
214007	Oracle Envoy Ashes +7
214008	Oracle Envoy Ashes +8
214009	Oracle Envoy Ashes +9
214010	Oracle Envoy Ashes +10
215000	Putrid Corpse Ashes
215001	Putrid Corpse Ashes +1
215002	Putrid Corpse Ashes +2
215003	Putrid Corpse Ashes +3
215004	Putrid Corpse Ashes +4
215005	Putrid Corpse Ashes +5
215006	Putrid Corpse Ashes +6
215007	Putrid Corpse Ashes +7
215008	Putrid Corpse Ashes +8
215009	Putrid Corpse Ashes +9
215010	Putrid Corpse Ashes +10
216000	Depraved Perfumer Carmaan
216001	Depraved Perfumer Carmaan +1
216002	Depraved Perfumer Carmaan +2
216003	Depraved Perfumer Carmaan +3
216004	Depraved Perfumer Carmaan +4
216005	Depraved Perfumer Carmaan +5
216006	Depraved Perfumer Carmaan +6
216007	Depraved Perfumer Carmaan +7
216008	Depraved Perfumer Carmaan +8
216009	Depraved Perfumer Carmaan +9
216010	Depraved Perfumer Carmaan +10
217000	Perfumer Tricia
217001	Perfumer Tricia +1
217002	Perfumer Tricia +2
217003	Perfumer Tricia +3
217004	Perfumer Tricia +4
217005	Perfumer Tricia +5
217006	Perfumer Tricia +6
217007	Perfumer Tricia +7
217008	Perfumer Tricia +8
217009	Perfumer Tricia +9
217010	Perfumer Tricia +10
218000	Glintstone Sorcerer Ashes
218001	Glintstone Sorcerer Ashes +1
218002	Glintstone Sorcerer Ashes +2
218003	Glintstone Sorcerer Ashes +3
218004	Glintstone Sorcerer Ashes +4
218005	Glintstone Sorcerer Ashes +5
218006	Glintstone Sorcerer Ashes +6
218007	Glintstone Sorcerer Ashes +7
218008	Glintstone Sorcerer Ashes +8
218009	Glintstone Sorcerer Ashes +9
218010	Glintstone Sorcerer Ashes +10
219000	Twinsage Sorcerer Ashes
219001	Twinsage Sorcerer Ashes +1
219002	Twinsage Sorcerer Ashes +2
219003	Twinsage Sorcerer Ashes +3
219004	Twinsage Sorcerer Ashes +4
219005	Twinsage Sorcerer Ashes +5
219006	Twinsage Sorcerer Ashes +6
219007	Twinsage Sorcerer Ashes +7
219008	Twinsage Sorcerer Ashes +8
219009	Twinsage Sorcerer Ashes +9
219010	Twinsage Sorcerer Ashes +10
220000	Page Ashes
220001	Page Ashes +1
220002	Page Ashes +2
220003	Page Ashes +3
220004	Page Ashes +4
220005	Page Ashes +5
220006	Page Ashes +6
220007	Page Ashes +7
220008	Page Ashes +8
220009	Page Ashes +9
220010	Page Ashes +10
221000	Battlemage Hugues
221001	Battlemage Hugues +1
221002	Battlemage Hugues +2
221003	Battlemage Hugues +3
221004	Battlemage Hugues +4
221005	Battlemage Hugues +5
221006	Battlemage Hugues +6
221007	Battlemage Hugues +7
221008	Battlemage Hugues +8
221009	Battlemage Hugues +9
221010	Battlemage Hugues +10
222000	Clayman Ashes
222001	Clayman Ashes +1
222002	Clayman Ashes +2
222003	Clayman Ashes +3
222004	Clayman Ashes +4
222005	Clayman Ashes +5
222006	Clayman Ashes +6
222007	Clayman Ashes +7
222008	Clayman Ashes +8
222009	Clayman Ashes +9
222010	Clayman Ashes +10
223000	Cleanrot Knight Finlay
223001	Cleanrot Knight Finlay +1
223002	Cleanrot Knight Finlay +2
223003	Cleanrot Knight Finlay +3
223004	Cleanrot Knight Finlay +4
223005	Cleanrot Knight Finlay +5
223006	Cleanrot Knight Finlay +6
223007	Cleanrot Knight Finlay +7
223008	Cleanrot Knight Finlay +8
223009	Cleanrot Knight Finlay +9
223010	Cleanrot Knight Finlay +10
224000	Kindred of Rot Ashes
224001	Kindred of Rot Ashes +1
224002	Kindred of Rot Ashes +2
224003	Kindred of Rot Ashes +3
224004	Kindred of Rot Ashes +4
224005	Kindred of Rot Ashes +5
224006	Kindred of Rot Ashes +6
224007	Kindred of Rot Ashes +7
224008	Kindred of Rot Ashes +8
224009	Kindred of Rot Ashes +9
224010	Kindred of Rot Ashes +10
225000	Marionette Soldier Ashes
225001	Marionette Soldier Ashes +1
225002	Marionette Soldier Ashes +2
225003	Marionette Soldier Ashes +3
225004	Marionette Soldier Ashes +4
225005	Marionette Soldier Ashes +5
225006	Marionette Soldier Ashes +6
225007	Marionette Soldier Ashes +7
225008	Marionette Soldier Ashes +8
225009	Marionette Soldier Ashes +9
225010	Marionette Soldier Ashes +10
226000	Avionette Soldier Ashes
226001	Avionette Soldier Ashes +1
226002	Avionette Soldier Ashes +2
226003	Avionette Soldier Ashes +3
226004	Avionette Soldier Ashes +4
226005	Avionette Soldier Ashes +5
226006	Avionette Soldier Ashes +6
226007	Avionette Soldier Ashes +7
226008	Avionette Soldier Ashes +8
226009	Avionette Soldier Ashes +9
226010	Avionette Soldier Ashes +10
227000	Fire Monk Ashes
227001	Fire Monk Ashes +1
227002	Fire Monk Ashes +2
227003	Fire Monk Ashes +3
227004	Fire Monk Ashes +4
227005	Fire Monk Ashes +5
227006	Fire Monk Ashes +6
227007	Fire Monk Ashes +7
227008	Fire Monk Ashes +8
227009	Fire Monk Ashes +9
227010	Fire Monk Ashes +10
228000	Blackflame Monk Amon
228001	Blackflame Monk Amon +1
228002	Blackflame Monk Amon +2
228003	Blackflame Monk Amon +3
228004	Blackflame Monk Amon +4
228005	Blackflame Monk Amon +5
228006	Blackflame Monk Amon +6
228007	Blackflame Monk Amon +7
228008	Blackflame Monk Amon +8
228009	Blackflame Monk Amon +9
228010	Blackflame Monk Amon +10
229000	Man-Serpent Ashes
229001	Man-Serpent Ashes +1
229002	Man-Serpent Ashes +2
229003	Man-Serpent Ashes +3
229004	Man-Serpent Ashes +4
229005	Man-Serpent Ashes +5
229006	Man-Serpent Ashes +6
229007	Man-Serpent Ashes +7
229008	Man-Serpent Ashes +8
229009	Man-Serpent Ashes +9
229010	Man-Serpent Ashes +10
230000	Azula Beastman Ashes
230001	Azula Beastman Ashes +1
230002	Azula Beastman Ashes +2
230003	Azula Beastman Ashes +3
230004	Azula Beastman Ashes +4
230005	Azula Beastman Ashes +5
230006	Azula Beastman Ashes +6
230007	Azula Beastman Ashes +7
230008	Azula Beastman Ashes +8
230009	Azula Beastman Ashes +9
230010	Azula Beastman Ashes +10
231000	Kaiden Sellsword Ashes
231001	Kaiden Sellsword Ashes +1
231002	Kaiden Sellsword Ashes +2
231003	Kaiden Sellsword Ashes +3
231004	Kaiden Sellsword Ashes +4
231005	Kaiden Sellsword Ashes +5
231006	Kaiden Sellsword Ashes +6
231007	Kaiden Sellsword Ashes +7
231008	Kaiden Sellsword Ashes +8
231009	Kaiden Sellsword Ashes +9
231010	Kaiden Sellsword Ashes +10
232000	Lone Wolf Ashes
232001	Lone Wolf Ashes +1
232002	Lone Wolf Ashes +2
232003	Lone Wolf Ashes +3
232004	Lone Wolf Ashes +4
232005	Lone Wolf Ashes +5
232006	Lone Wolf Ashes +6
232007	Lone Wolf Ashes +7
232008	Lone Wolf Ashes +8
232009	Lone Wolf Ashes +9
232010	Lone Wolf Ashes +10
233000	Giant Rat Ashes
233001	Giant Rat Ashes +1
233002	Giant Rat Ashes +2
233003	Giant Rat Ashes +3
233004	Giant Rat Ashes +4
233005	Giant Rat Ashes +5
233006	Giant Rat Ashes +6
233007	Giant Rat Ashes +7
233008	Giant Rat Ashes +8
233009	Giant Rat Ashes +9
233010	Giant Rat Ashes +10
234000	Demi-Human Ashes
234001	Demi-Human Ashes +1
234002	Demi-Human Ashes +2
234003	Demi-Human Ashes +3
234004	Demi-Human Ashes +4
234005	Demi-Human Ashes +5
234006	Demi-Human Ashes +6
234007	Demi-Human Ashes +7
234008	Demi-Human Ashes +8
234009	Demi-Human Ashes +9
234010	Demi-Human Ashes +10
235000	Rotten Stray Ashes
235001	Rotten Stray Ashes +1
235002	Rotten Stray Ashes +2
235003	Rotten Stray Ashes +3
235004	Rotten Stray Ashes +4
235005	Rotten Stray Ashes +5
235006	Rotten Stray Ashes +6
235007	Rotten Stray Ashes +7
235008	Rotten Stray Ashes +8
235009	Rotten Stray Ashes +9
235010	Rotten Stray Ashes +10
236000	Spirit Jellyfish Ashes
236001	Spirit Jellyfish Ashes +1
236002	Spirit Jellyfish Ashes +2
236003	Spirit Jellyfish Ashes +3
236004	Spirit Jellyfish Ashes +4
236005	Spirit Jellyfish Ashes +5
236006	Spirit Jellyfish Ashes +6
236007	Spirit Jellyfish Ashes +7
236008	Spirit Jellyfish Ashes +8
236009	Spirit Jellyfish Ashes +9
236010	Spirit Jellyfish Ashes +10
237000	Warhawk Ashes
237001	Warhawk Ashes +1
237002	Warhawk Ashes +2
237003	Warhawk Ashes +3
237004	Warhawk Ashes +4
237005	Warhawk Ashes +5
237006	Warhawk Ashes +6
237007	Warhawk Ashes +7
237008	Warhawk Ashes +8
237009	Warhawk Ashes +9
237010	Warhawk Ashes +10
238000	Stormhawk Deenh
238001	Stormhawk Deenh +1
238002	Stormhawk Deenh +2
238003	Stormhawk Deenh +3
238004	Stormhawk Deenh +4
238005	Stormhawk Deenh +5
238006	Stormhawk Deenh +6
238007	Stormhawk Deenh +7
238008	Stormhawk Deenh +8
238009	Stormhawk Deenh +9
238010	Stormhawk Deenh +10
239000	Bloodhound Knight Floh
239001	Bloodhound Knight Floh +1
239002	Bloodhound Knight Floh +2
239003	Bloodhound Knight Floh +3
239004	Bloodhound Knight Floh +4
239005	Bloodhound Knight Floh +5
239006	Bloodhound Knight Floh +6
239007	Bloodhound Knight Floh +7
239008	Bloodhound Knight Floh +8
239009	Bloodhound Knight Floh +9
239010	Bloodhound Knight Floh +10
240000	Wandering Noble Ashes
240001	Wandering Noble Ashes +1
240002	Wandering Noble Ashes +2
240003	Wandering Noble Ashes +3
240004	Wandering Noble Ashes +4
240005	Wandering Noble Ashes +5
240006	Wandering Noble Ashes +6
240007	Wandering Noble Ashes +7
240008	Wandering Noble Ashes +8
240009	Wandering Noble Ashes +9
240010	Wandering Noble Ashes +10
241000	Noble Sorcerer Ashes
241001	Noble Sorcerer Ashes +1
241002	Noble Sorcerer Ashes +2
241003	Noble Sorcerer Ashes +3
241004	Noble Sorcerer Ashes +4
241005	Noble Sorcerer Ashes +5
241006	Noble Sorcerer Ashes +6
241007	Noble Sorcerer Ashes +7
241008	Noble Sorcerer Ashes +8
241009	Noble Sorcerer Ashes +9
241010	Noble Sorcerer Ashes +10
242000	Vulgar Militia Ashes
242001	Vulgar Militia Ashes +1
242002	Vulgar Militia Ashes +2
242003	Vulgar Militia Ashes +3
242004	Vulgar Militia Ashes +4
242005	Vulgar Militia Ashes +5
242006	Vulgar Militia Ashes +6
242007	Vulgar Militia Ashes +7
242008	Vulgar Militia Ashes +8
242009	Vulgar Militia Ashes +9
242010	Vulgar Militia Ashes +10
243000	Mad Pumpkin Head Ashes
243001	Mad Pumpkin Head Ashes +1
243002	Mad Pumpkin Head Ashes +2
243003	Mad Pumpkin Head Ashes +3
243004	Mad Pumpkin Head Ashes +4
243005	Mad Pumpkin Head Ashes +5
243006	Mad Pumpkin Head Ashes +6
243007	Mad Pumpkin Head Ashes +7
243008	Mad Pumpkin Head Ashes +8
243009	Mad Pumpkin Head Ashes +9
243010	Mad Pumpkin Head Ashes +10
244000	Land Squirt Ashes
244001	Land Squirt Ashes +1
244002	Land Squirt Ashes +2
244003	Land Squirt Ashes +3
244004	Land Squirt Ashes +4
244005	Land Squirt Ashes +5
244006	Land Squirt Ashes +6
244007	Land Squirt Ashes +7
244008	Land Squirt Ashes +8
244009	Land Squirt Ashes +9
244010	Land Squirt Ashes +10
245000	Miranda Sprout Ashes
245001	Miranda Sprout Ashes +1 
245002	Miranda Sprout Ashes +2
245003	Miranda Sprout Ashes +3
245004	Miranda Sprout Ashes +4
245005	Miranda Sprout Ashes +5
245006	Miranda Sprout Ashes +6
245007	Miranda Sprout Ashes +7
245008	Miranda Sprout Ashes +8
245009	Miranda Sprout Ashes +9
245010	Miranda Sprout Ashes +10
246000	Soldjars of Fortune Ashes
246001	Soldjars of Fortune Ashes +1
246002	Soldjars of Fortune Ashes +2
246003	Soldjars of Fortune Ashes +3
246004	Soldjars of Fortune Ashes +4
246005	Soldjars of Fortune Ashes +5
246006	Soldjars of Fortune Ashes +6
246007	Soldjars of Fortune Ashes +7
246008	Soldjars of Fortune Ashes +8
246009	Soldjars of Fortune Ashes +9
246010	Soldjars of Fortune Ashes +10
247000	Omenkiller Rollo
247001	Omenkiller Rollo +1
247002	Omenkiller Rollo +2
247003	Omenkiller Rollo +3
247004	Omenkiller Rollo +4
247005	Omenkiller Rollo +5
247006	Omenkiller Rollo +6
247007	Omenkiller Rollo +7
247008	Omenkiller Rollo +8
247009	Omenkiller Rollo +9
247010	Omenkiller Rollo +10
248000	Greatshield Soldier Ashes
248001	Greatshield Soldier Ashes +1
248002	Greatshield Soldier Ashes +2
248003	Greatshield Soldier Ashes +3
248004	Greatshield Soldier Ashes +4
248005	Greatshield Soldier Ashes +5
248006	Greatshield Soldier Ashes +6
248007	Greatshield Soldier Ashes +7
248008	Greatshield Soldier Ashes +8
248009	Greatshield Soldier Ashes +9
248010	Greatshield Soldier Ashes +10
249000	Archer Ashes
249001	Archer Ashes +1
249002	Archer Ashes +2
249003	Archer Ashes +3
249004	Archer Ashes +4
249005	Archer Ashes +5
249006	Archer Ashes +6
249007	Archer Ashes +7
249008	Archer Ashes +8
249009	Archer Ashes +9
249010	Archer Ashes +10
250000	Godrick Soldier Ashes
250001	Godrick Soldier Ashes +1
250002	Godrick Soldier Ashes +2
250003	Godrick Soldier Ashes +3
250004	Godrick Soldier Ashes +4
250005	Godrick Soldier Ashes +5
250006	Godrick Soldier Ashes +6
250007	Godrick Soldier Ashes +7
250008	Godrick Soldier Ashes +8
250009	Godrick Soldier Ashes +9
250010	Godrick Soldier Ashes +10
251000	Raya Lucaria Soldier Ashes
251001	Raya Lucaria Soldier Ashes +1
251002	Raya Lucaria Soldier Ashes +2
251003	Raya Lucaria Soldier Ashes +3
251004	Raya Lucaria Soldier Ashes +4
251005	Raya Lucaria Soldier Ashes +5
251006	Raya Lucaria Soldier Ashes +6
251007	Raya Lucaria Soldier Ashes +7
251008	Raya Lucaria Soldier Ashes +8
251009	Raya Lucaria Soldier Ashes +9
251010	Raya Lucaria Soldier Ashes +10
252000	Leyndell Soldier Ashes
252001	Leyndell Soldier Ashes +1
252002	Leyndell Soldier Ashes +2
252003	Leyndell Soldier Ashes +3
252004	Leyndell Soldier Ashes +4
252005	Leyndell Soldier Ashes +5
252006	Leyndell Soldier Ashes +6
252007	Leyndell Soldier Ashes +7
252008	Leyndell Soldier Ashes +8
252009	Leyndell Soldier Ashes +9
252010	Leyndell Soldier Ashes +10
253000	Radahn Soldier Ashes
253001	Radahn Soldier Ashes +1
253002	Radahn Soldier Ashes +2
253003	Radahn Soldier Ashes +3
253004	Radahn Soldier Ashes +4
253005	Radahn Soldier Ashes +5
253006	Radahn Soldier Ashes +6
253007	Radahn Soldier Ashes +7
253008	Radahn Soldier Ashes +8
253009	Radahn Soldier Ashes +9
253010	Radahn Soldier Ashes +10
254000	Mausoleum Soldier Ashes
254001	Mausoleum Soldier Ashes +1
254002	Mausoleum Soldier Ashes +2
254003	Mausoleum Soldier Ashes +3
254004	Mausoleum Soldier Ashes +4
254005	Mausoleum Soldier Ashes +5
254006	Mausoleum Soldier Ashes +6
254007	Mausoleum Soldier Ashes +7
254008	Mausoleum Soldier Ashes +8
254009	Mausoleum Soldier Ashes +9
254010	Mausoleum Soldier Ashes +10
255000	Haligtree Soldier Ashes
255001	Haligtree Soldier Ashes +1
255002	Haligtree Soldier Ashes +2
255003	Haligtree Soldier Ashes +3
255004	Haligtree Soldier Ashes +4
255005	Haligtree Soldier Ashes +5
255006	Haligtree Soldier Ashes +6
255007	Haligtree Soldier Ashes +7
255008	Haligtree Soldier Ashes +8
255009	Haligtree Soldier Ashes +9
255010	Haligtree Soldier Ashes +10
256000	Ancient Dragon Knight Kristoff
256001	Ancient Dragon Knight Kristoff +1
256002	Ancient Dragon Knight Kristoff +2
256003	Ancient Dragon Knight Kristoff +3
256004	Ancient Dragon Knight Kristoff +4
256005	Ancient Dragon Knight Kristoff +5
256006	Ancient Dragon Knight Kristoff +6
256007	Ancient Dragon Knight Kristoff +7
256008	Ancient Dragon Knight Kristoff +8
256009	Ancient Dragon Knight Kristoff +9
256010	Ancient Dragon Knight Kristoff +10
257000	Redmane Knight Ogha
257001	Redmane Knight Ogha +1
257002	Redmane Knight Ogha +2
257003	Redmane Knight Ogha +3
257004	Redmane Knight Ogha +4
257005	Redmane Knight Ogha +5
257006	Redmane Knight Ogha +6
257007	Redmane Knight Ogha +7
257008	Redmane Knight Ogha +8
257009	Redmane Knight Ogha +9
257010	Redmane Knight Ogha +10
258000	Lhutel the Headless
258001	Lhutel the Headless +1
258002	Lhutel the Headless +2
258003	Lhutel the Headless +3
258004	Lhutel the Headless +4
258005	Lhutel the Headless +5
258006	Lhutel the Headless +6
258007	Lhutel the Headless +7
258008	Lhutel the Headless +8
258009	Lhutel the Headless +9
258010	Lhutel the Headless +10
259000	Nepheli Loux Puppet
259001	Nepheli Loux Puppet +1
259002	Nepheli Loux Puppet +2
259003	Nepheli Loux Puppet +3
259004	Nepheli Loux Puppet +4
259005	Nepheli Loux Puppet +5
259006	Nepheli Loux Puppet +6
259007	Nepheli Loux Puppet +7
259008	Nepheli Loux Puppet +8
259009	Nepheli Loux Puppet +9
259010	Nepheli Loux Puppet +10
260000	Dung Eater Puppet
260001	Dung Eater Puppet +1
260002	Dung Eater Puppet +2
260003	Dung Eater Puppet +3
260004	Dung Eater Puppet +4
260005	Dung Eater Puppet +5
260006	Dung Eater Puppet +6
260007	Dung Eater Puppet +7
260008	Dung Eater Puppet +8
260009	Dung Eater Puppet +9
260010	Dung Eater Puppet +10
261000	Finger Maiden Therolina Puppet
261001	Finger Maiden Therolina Puppet +1
261002	Finger Maiden Therolina Puppet +2
261003	Finger Maiden Therolina Puppet +3
261004	Finger Maiden Therolina Puppet +4
261005	Finger Maiden Therolina Puppet +5
261006	Finger Maiden Therolina Puppet +6
261007	Finger Maiden Therolina Puppet +7
261008	Finger Maiden Therolina Puppet +8
261009	Finger Maiden Therolina Puppet +9
261010	Finger Maiden Therolina Puppet +10
262000	Dolores the Sleeping Arrow Puppet
262001	Dolores the Sleeping Arrow Puppet +1
262002	Dolores the Sleeping Arrow Puppet +2
262003	Dolores the Sleeping Arrow Puppet +3
262004	Dolores the Sleeping Arrow Puppet +4
262005	Dolores the Sleeping Arrow Puppet +5
262006	Dolores the Sleeping Arrow Puppet +6
262007	Dolores the Sleeping Arrow Puppet +7
262008	Dolores the Sleeping Arrow Puppet +8
262009	Dolores the Sleeping Arrow Puppet +9
262010	Dolores the Sleeping Arrow Puppet +10
263000	Jarwight Puppet
263001	Jarwight Puppet +1
263002	Jarwight Puppet +2
263003	Jarwight Puppet +3
263004	Jarwight Puppet +4
263005	Jarwight Puppet +5
263006	Jarwight Puppet +6
263007	Jarwight Puppet +7
263008	Jarwight Puppet +8
263009	Jarwight Puppet +9
263010	Jarwight Puppet +10
2000300	Hefty Fire Pot 
2000310	Hefty Rock Pot
2000320	Hefty Lightning Pot
2000330	Hefty Fetid Pot
2000340	Hefty Fly Pot
2000360	Hefty Freezing Pot
2000370	Hefty Poison Pot
2000380	Hefty Oil Pot
2000600	Hefty Volcano Pot
2000620	Hefty Frenzied Flame Pot
2000650	Hefty Rancor Pot
2000660	Hefty Magic Pot
2000670	Hefty Rot Pot
2000680	Hefty Furnace Pot
2000690	Hefty Red Lightning Pot
2000700	Red Lightning Pot
2000710	Frenzied Flame Pot
2000740	Eternal Sleep Pot
2000760	Roped Frenzied Flame Pot
2000800	Spirit Raisin
2000900	Blessing of Marika
2000910	Lulling Branch
2001100	Dragon Communion Flesh
2001105	Dragonscale Flesh
2001110	Fingerprint Nostrum
2001120	Spellproof Pickled Liver
2001130	Fireproof Pickled Liver
2001140	Lightningproof Pickled Liver
2001150	Holyproof Pickled Liver
2001160	Opaline Pickled Liver
2001170	Well-Pickled Turtle Neck
2001200	Scorpion Stew
2001201	Gourmet Scorpion Stew
2001202	Scorpion Stew
2001203	Gourmet Scorpion Stew
2001210	Sacred Bloody Flesh
2001220	Silver Horn Tender
2001230	Golden Horn Tender
2001400	Messmerfire Grease
2001410	Dragonbolt Grease
2001420	Royal Magic Grease
2001430	Golden Grease
2001450	Eternal Sleep Grease
2001480	Dragon Communion Grease
2001500	Drawstring Messmerfire Grease
2001510	Drawstring Dragonbolt Grease
2001520	Drawstring Royal Magic Grease
2001530	Drawstring Golden Grease
2001550	Drawstring Eternal Sleep Grease
2001600	Festive Grease
2001700	Innard Meat
2001710	Dragon Communion Harpoon
2002000	Polter Stone
2002010	Rock Heart
2002020	Priestess Heart
2002030	Lamenter's Mask
2002040	Daergraf's Heart
2002100	Ancient Dragon's Blessing
2002120	Iris of Grace
2002130	Iris of Occultation
2002140	Thiollier's Concoction
2002150	Prattling Pate "Lamentation"
2002900	Remembrance of the Wild Boar Rider
2002901	Remembrance of the Impaler
2002902	Remembrance of the Shadow Sunflower
2002903	Remembrance of the Twin Moon Knight
2002904	Remembrance of the Saint of the Bud
2002905	Remembrance of the Dancing Lion
2002907	Remembrance of a God and a Lord
2002908	Remembrance of the Lord of Frenzied Flame
2002909	Remembrance of the Mother of Fingers
2002910	Remembrance of Putrescence
2002950	Leda's Rune
2002951	Broken Rune
2002952	Shadow Realm Rune [1]
2002953	Shadow Realm Rune [2]
2002954	Shadow Realm Rune [3]
2002955	Shadow Realm Rune [4]
2002956	Shadow Realm Rune [5]
2002957	Shadow Realm Rune [6]
2002958	Shadow Realm Rune [7]
2002959	Rune of an Unsung Hero
2002960	Marika's Rune
2003000	Bondstone
2003001	Spritestone
2003130	Horned Bairn
2003140	Perfumed Oil of Ranah
2003150	Call of Tibia
2003160	Surging Frenzied Flame
2003170	Golden Vow
2003180	Fire Coil
2003190	Fire Spritestone
2003200	Glinting Nail
2003310	Sunwarmth Stone
2003350	Charming Branch
2004300	Miriam's Vanishing
2004310	Cragbolt Trio
2004320	Rellana's Twin Moons
2004500	Glintstone Nail
2004510	Nail Volley
2004520	Nail Constellation
2004530	Nail Burst
2004700	Blades of Stone
2004710	Gravitational Missile
2004900	Mantle of Thorns
2004910	Impenetrable Thorns
2004920	Creeping Vines
2004930	Thorn Field
2004940	Scadutree Coruscation
2005000	Rings of Spectral Light
2006200	Vortex of Putrescence
2006210	Mass of Putrescence
2006220	Putrid Salvo
2006230	Putrid Shardstorm
2006250	Scadu Rebirth
2006260	Shadow of Death
2006300	Bloodflame Scythe
2006310	Bloodboon Quagmire
2006320	Seeker Swarm
2006330	Sanguine Traversal
2006340	Fiendish Ritual
2006350	Blood of the Maiden
2006400	Heal from Afar
2006650	Crucible Quills
2006660	Miranda Bloom
2006670	Minor Erdtree
2006680	Land of Shadow
2006690	Wrath from Afar
2006700	Light of Miquella
2006710	Multilayered Ring of Light
2006800	Roar of Rugalea
2006900	Knight's Lightning Spear
2006910	Dragonbolt of Florissax
2006920	Electrocharge
2007000	Bayle's Tyranny
2007010	Bayle's Flame Lightning
2007020	Ghostflame Breath
2007200	Rotten Butterflies
2007210	Pest-Thread Spears
2007300	Midra's Exaltation
2007310	Frenzied Lunge
2007320	Maddening Orb
2007330	Terrifying Presence
2007400	Cosmic Surge
2007410	Fleeting Microcosm
2007420	Cherishing Fingers
2007430	Gaze of Metyr
2007440	Microcosmic Spree
2007450	Creeping Offspring
2007600	Watchful Spirit
2007610	Watchful Seekers
2007700	Crucible Arcs
2007710	Giant Crucible Arc
2007720	Spira
2007730	Divine Beast Tornado
2007740	Crucible Feathers
2007750	Horn Spike
2007760	Immortal Coil
2007800	Fire Serpent
2007810	Rain of Fire
2007820	Messmer's Orb
2008000	Miquella's Great Rune
2008003	Igon's Furled Finger
2008004	Well Depths Key
2008005	Gaol Upper Level Key
2008006	Gaol Lower Level Key
2008007	Cross Map
2008008	Hole-Laden Necklace
2008011	Heart of Bayle
2008012	New Cross Map
2008013	Storeroom Key
2008014	Secret Rite Scroll
2008015	Letter for Freyja
2008016	Ruins Map
2008017	Ruins Map (2nd)
2008018	Ruins Map (3rd)
2008019	Black Syrup
2008021	Messmer's Kindling
2008023	Keep Wall Key
2008025	Furnace Keeper's Note
2008027	Castle Cross Message
2008028	Ancient Ruins Cross Message
2008029	Monk's Missive
2008030	Storehouse Cross Message
2008031	Note: Sealed Spiritsprings
2008032	Torn Diary Page
2008033	Larval Tear
2008034	Message from Leda
2008036	Prayer Room Key
2008037	Tower of Shadow Message
2008131	Note: Sealed Spiritsprings
2008200	"Incursion" Painting
2008201	"The Sacred Tower" Painting
2008202	"Domain of Dragons" Painting
2008600	Map: Gravesite Plain
2008601	Map: Scadu Altus
2008602	Map: Southern Shore
2008603	Map: Rauh Ruins
2008604	Map: Abyss
2008900	Moore's Bell Bearing
2008901	Ymir's Bell Bearing
2008902	Herbalist's Bell Bearing
2008903	Mushroom-Seller's Bell Bearing [1]
2008904	Mushroom-Seller's Bell Bearing [2]
2008905	Greasemonger's Bell Bearing
2008906	Moldmonger's Bell Bearing
2008907	Igon's Bell Bearing
2008908	Spellmachinist's Bell Bearing
2008909	String-Seller's Bell Bearing
2009000	Ring of Miquella
2009001	May the Best Win
2009002	The Two Fingers
2009003	Let Us Go Together
2009004	O Mother
2009160	About the Scadutree Blessing
2009161	About the Revered Spirit Ash Blessing
2009162	About New Inventory Features
2009301	Forager Brood Cookbook [6]
2009302	Forager Brood Cookbook [1]
2009303	Forager Brood Cookbook [2]
2009304	Forager Brood Cookbook [3]
2009305	Forager Brood Cookbook [4]
2009306	Forager Brood Cookbook [5]
2009307	Igon's Cookbook [2]
2009308	Finger-Weaver's Cookbook [2]
2009309	Greater Potentate's Cookbook [1]
2009310	Greater Potentate's Cookbook [4]
2009311	Greater Potentate's Cookbook [5]
2009312	Greater Potentate's Cookbook [12]
2009313	Greater Potentate's Cookbook [7]
2009314	Greater Potentate's Cookbook [9]
2009315	Greater Potentate's Cookbook [10]
2009316	Greater Potentate's Cookbook [11]
2009317	Mad Craftsman's Cookbook [2]
2009318	Greater Potentate's Cookbook [8]
2009319	Greater Potentate's Cookbook [3]
2009320	Greater Potentate's Cookbook [13]
2009321	Greater Potentate's Cookbook [14]
2009322	Greater Potentate's Cookbook [6]
2009323	Greater Potentate's Cookbook [2]
2009324	Ancient Dragon Knight's Cookbook [1]
2009325	Mad Craftsman's Cookbook [1]
2009326	St. Trina Disciple's Cookbook [1]
2009327	Fire Knight's Cookbook [1]
2009328	Ancient Dragon Knight's Cookbook [2]
2009329	Loyal Knight's Cookbook
2009330	Battlefield Priest's Cookbook [1]
2009331	Igon's Cookbook [1]
2009332	Battlefield Priest's Cookbook [2]
2009333	Forager Brood Cookbook [7]
2009334	St. Trina Disciple's Cookbook [3]
2009335	Grave Keeper's Cookbook [2]
2009336	Antiquity Scholar's Cookbook [2]
2009337	Tibia's Cookbook
2009338	Mad Craftsman's Cookbook [3]
2009339	Battlefield Priest's Cookbook [3]
2009340	Fire Knight's Cookbook [2]
2009341	Antiquity Scholar's Cookbook [1]
2009342	Finger-Weaver's Cookbook [1]
2009343	Battlefield Priest's Cookbook [4]
2009344	Grave Keeper's Cookbook [1]
2009345	St. Trina Disciple's Cookbook [2]
2009500	Hefty Cracked Pot
2010000	Scadutree Fragment
2010100	Revered Spirit Ash
2011000	Viridian Hidden Tear
2011010	Crimsonburst Dried Tear
2011020	Crimson-Sapping Cracked Tear
2011030	Cerulean-Sapping Cracked Tear
2011040	Oil-Soaked Tear
2011050	Bloodsucking Cracked Tear
2011060	Glovewort Crystal Tear
2011070	Deflecting Hardtear
2015000	Beast Horn
2015010	Spirit Calculus
2015020	Pearlescent Scale
2015030	Scorpion Liver
2015040	Fly Mold
2020001	Rada Fruit
2020002	Redflesh Mushroom
2020003	Whiteflesh Mushroom
2020004	Knot Resin
2020005	Dewgem
2020006	Black Pyrefly
2020007	Glintslab Firefly
2020008	Yellow Fulgurbloom
2020009	Shadow Sunflower
2020010	Toxic Mossling
2020011	Scarlet Bud
2020012	Sanguine Amaryllis
2020013	Frozen Maggot
2020014	Deep-Purple Lily
2020015	Nectarblood Burgeon
2020016	Winter-Lantern Fly
2020017	Swollen Grape
2020018	Grave Keeper's Brainpan
2020019	Horn-Strewn Excrement
2020020	Gas Stone
2020021	Ghostflame Bloom
2020022	Grave Cricket
2020023	Dragon's Calorbloom
2020024	Finger Mimic
2020025	Empyrean-Blood Burgeon
2020026	Congealed Putrescence
2020027	Roundrock
2020028	Spiritgrave Stone
2020029	Rauh Burrow
2020030	Ember of Messmer
2020031	Blessed Bone Shard
2020032	Red Fulgurbloom
2020033	Nailstone
2020034	Sharp Gravel Stone
2020035	Furnace Visage
2200000	Curseblade Meera
2200001	Curseblade Meera +1
2200002	Curseblade Meera +2
2200003	Curseblade Meera +3
2200004	Curseblade Meera +4
2200005	Curseblade Meera +5
2200006	Curseblade Meera +6
2200007	Curseblade Meera +7
2200008	Curseblade Meera +8
2200009	Curseblade Meera +9
2200010	Curseblade Meera +10
2201000	Bloodfiend Hexer's Ashes
2201001	Bloodfiend Hexer's Ashes +1
2201002	Bloodfiend Hexer's Ashes +2
2201003	Bloodfiend Hexer's Ashes +3
2201004	Bloodfiend Hexer's Ashes +4
2201005	Bloodfiend Hexer's Ashes +5
2201006	Bloodfiend Hexer's Ashes +6
2201007	Bloodfiend Hexer's Ashes +7
2201008	Bloodfiend Hexer's Ashes +8
2201009	Bloodfiend Hexer's Ashes +9
2201010	Bloodfiend Hexer's Ashes +10
2202000	Gravebird Ashes
2202001	Gravebird Ashes +1
2202002	Gravebird Ashes +2
2202003	Gravebird Ashes +3
2202004	Gravebird Ashes +4
2202005	Gravebird Ashes +5
2202006	Gravebird Ashes +6
2202007	Gravebird Ashes +7
2202008	Gravebird Ashes +8
2202009	Gravebird Ashes +9
2202010	Gravebird Ashes +10
2203000	Fire Knight Hilde
2203001	Fire Knight Hilde +1
2203002	Fire Knight Hilde +2
2203003	Fire Knight Hilde +3
2203004	Fire Knight Hilde +4
2203005	Fire Knight Hilde +5
2203006	Fire Knight Hilde +6
2203007	Fire Knight Hilde +7
2203008	Fire Knight Hilde +8
2203009	Fire Knight Hilde +9
2203010	Fire Knight Hilde +10
2204000	Spider Scorpion Ashes
2204001	Spider Scorpion Ashes +1
2204002	Spider Scorpion Ashes +2
2204003	Spider Scorpion Ashes +3
2204004	Spider Scorpion Ashes +4
2204005	Spider Scorpion Ashes +5
2204006	Spider Scorpion Ashes +6
2204007	Spider Scorpion Ashes +7
2204008	Spider Scorpion Ashes +8
2204009	Spider Scorpion Ashes +9
2204010	Spider Scorpion Ashes +10
2205000	Inquisitor Ashes
2205001	Inquisitor Ashes +1
2205002	Inquisitor Ashes +2
2205003	Inquisitor Ashes +3
2205004	Inquisitor Ashes +4
2205005	Inquisitor Ashes +5
2205006	Inquisitor Ashes +6
2205007	Inquisitor Ashes +7
2205008	Inquisitor Ashes +8
2205009	Inquisitor Ashes +9
2205010	Inquisitor Ashes +10
2206000	Demi-Human Swordsman Yosh
2206001	Demi-Human Swordsman Yosh +1
2206002	Demi-Human Swordsman Yosh +2
2206003	Demi-Human Swordsman Yosh +3
2206004	Demi-Human Swordsman Yosh +4
2206005	Demi-Human Swordsman Yosh +5
2206006	Demi-Human Swordsman Yosh +6
2206007	Demi-Human Swordsman Yosh +7
2206008	Demi-Human Swordsman Yosh +8
2206009	Demi-Human Swordsman Yosh +9
2206010	Demi-Human Swordsman Yosh +10
2207000	Messmer Soldier Ashes
2207001	Messmer Soldier Ashes +1
2207002	Messmer Soldier Ashes +2
2207003	Messmer Soldier Ashes +3
2207004	Messmer Soldier Ashes +4
2207005	Messmer Soldier Ashes +5
2207006	Messmer Soldier Ashes +6
2207007	Messmer Soldier Ashes +7
2207008	Messmer Soldier Ashes +8
2207009	Messmer Soldier Ashes +9
2207010	Messmer Soldier Ashes +10
2208000	Black Knight Commander Andreas
2208001	Black Knight Commander Andreas +1
2208002	Black Knight Commander Andreas +2
2208003	Black Knight Commander Andreas +3
2208004	Black Knight Commander Andreas +4
2208005	Black Knight Commander Andreas +5
2208006	Black Knight Commander Andreas +6
2208007	Black Knight Commander Andreas +7
2208008	Black Knight Commander Andreas +8
2208009	Black Knight Commander Andreas +9
2208010	Black Knight Commander Andreas +10
2209000	Black Knight Captain Huw
2209001	Black Knight Captain Huw +1
2209002	Black Knight Captain Huw +2
2209003	Black Knight Captain Huw +3
2209004	Black Knight Captain Huw +4
2209005	Black Knight Captain Huw +5
2209006	Black Knight Captain Huw +6
2209007	Black Knight Captain Huw +7
2209008	Black Knight Captain Huw +8
2209009	Black Knight Captain Huw +9
2209010	Black Knight Captain Huw +10
2210000	Bigmouth Imp Ashes
2210001	Bigmouth Imp Ashes +1
2210002	Bigmouth Imp Ashes +2
2210003	Bigmouth Imp Ashes +3
2210004	Bigmouth Imp Ashes +4
2210005	Bigmouth Imp Ashes +5
2210006	Bigmouth Imp Ashes +6
2210007	Bigmouth Imp Ashes +7
2210008	Bigmouth Imp Ashes +8
2210009	Bigmouth Imp Ashes +9
2210010	Bigmouth Imp Ashes +10
2211000	Man-Fly Ashes
2211001	Man-Fly Ashes +1
2211002	Man-Fly Ashes +2
2211003	Man-Fly Ashes +3
2211004	Man-Fly Ashes +4
2211005	Man-Fly Ashes +5
2211006	Man-Fly Ashes +6
2211007	Man-Fly Ashes +7
2211008	Man-Fly Ashes +8
2211009	Man-Fly Ashes +9
2211010	Man-Fly Ashes +10
2212000	Taylew the Golem Smith
2212001	Taylew the Golem Smith +1
2212002	Taylew the Golem Smith +2
2212003	Taylew the Golem Smith +3
2212004	Taylew the Golem Smith +4
2212005	Taylew the Golem Smith +5
2212006	Taylew the Golem Smith +6
2212007	Taylew the Golem Smith +7
2212008	Taylew the Golem Smith +8
2212009	Taylew the Golem Smith +9
2212010	Taylew the Golem Smith +10
2213000	Divine Bird Warrior Ornis
2213001	Divine Bird Warrior Ornis +1
2213002	Divine Bird Warrior Ornis +2
2213003	Divine Bird Warrior Ornis +3
2213004	Divine Bird Warrior Ornis +4
2213005	Divine Bird Warrior Ornis +5
2213006	Divine Bird Warrior Ornis +6
2213007	Divine Bird Warrior Ornis +7
2213008	Divine Bird Warrior Ornis +8
2213009	Divine Bird Warrior Ornis +9
2213010	Divine Bird Warrior Ornis +10
2214000	Horned Warrior Ashes
2214001	Horned Warrior Ashes +1
2214002	Horned Warrior Ashes +2
2214003	Horned Warrior Ashes +3
2214004	Horned Warrior Ashes +4
2214005	Horned Warrior Ashes +5
2214006	Horned Warrior Ashes +6
2214007	Horned Warrior Ashes +7
2214008	Horned Warrior Ashes +8
2214009	Horned Warrior Ashes +9
2214010	Horned Warrior Ashes +10
2215000	Ancient Dragon Florissax
2215001	Ancient Dragon Florissax +1
2215002	Ancient Dragon Florissax +2
2215003	Ancient Dragon Florissax +3
2215004	Ancient Dragon Florissax +4
2215005	Ancient Dragon Florissax +5
2215006	Ancient Dragon Florissax +6
2215007	Ancient Dragon Florissax +7
2215008	Ancient Dragon Florissax +8
2215009	Ancient Dragon Florissax +9
2215010	Ancient Dragon Florissax +10
2217000	Fingercreeper Ashes
2217001	Fingercreeper Ashes +1
2217002	Fingercreeper Ashes +2
2217003	Fingercreeper Ashes +3
2217004	Fingercreeper Ashes +4
2217005	Fingercreeper Ashes +5
2217006	Fingercreeper Ashes +6
2217007	Fingercreeper Ashes +7
2217008	Fingercreeper Ashes +8
2217009	Fingercreeper Ashes +9
2217010	Fingercreeper Ashes +10
2218000	Fire Knight Queelign
2218001	Fire Knight Queelign +1
2218002	Fire Knight Queelign +2
2218003	Fire Knight Queelign +3
2218004	Fire Knight Queelign +4
2218005	Fire Knight Queelign +5
2218006	Fire Knight Queelign +6
2218007	Fire Knight Queelign +7
2218008	Fire Knight Queelign +8
2218009	Fire Knight Queelign +9
2218010	Fire Knight Queelign +10
2219000	Swordhand of Night Jolán
2219001	Swordhand of Night Jolán +1
2219002	Swordhand of Night Jolán +2
2219003	Swordhand of Night Jolán +3
2219004	Swordhand of Night Jolán +4
2219005	Swordhand of Night Jolán +5
2219006	Swordhand of Night Jolán +6
2219007	Swordhand of Night Jolán +7
2219008	Swordhand of Night Jolán +8
2219009	Swordhand of Night Jolán +9
2219010	Swordhand of Night Jolán +10
2220000	Jolán and Anna
2220001	Jolán and Anna +1
2220002	Jolán and Anna +2
2220003	Jolán and Anna +3
2220004	Jolán and Anna +4
2220005	Jolán and Anna +5
2220006	Jolán and Anna +6
2220007	Jolán and Anna +7
2220008	Jolán and Anna +8
2220009	Jolán and Anna +9
2220010	Jolán and Anna +10
2400000	Cemetery Shade Ashes
2400001	Cemetery Shade Ashes +1
2400002	Cemetery Shade Ashes +2
2400003	Cemetery Shade Ashes +3
2400004	Cemetery Shade Ashes +4
2400005	Cemetery Shade Ashes +5
2400006	Cemetery Shade Ashes +6
2400007	Cemetery Shade Ashes +7
2400008	Cemetery Shade Ashes +8
2400009	Cemetery Shade Ashes +9
2400010	Cemetery Shade Ashes +10
2410000	Horned Omen Khata
2410001	Horned Omen Khata +1
2410002	Horned Omen Khata +2
2410003	Horned Omen Khata +3
2410004	Horned Omen Khata +4
2410005	Horned Omen Khata +5
2410006	Horned Omen Khata +6
2410007	Horned Omen Khata +7
2410008	Horned Omen Khata +8
2410009	Horned Omen Khata +9
2410010	Horned Omen Khata +10
2420000	Nox Ancestor Lasko
2420001	Nox Ancestor Lasko +1
2420002	Nox Ancestor Lasko +2
2420003	Nox Ancestor Lasko +3
2420004	Nox Ancestor Lasko +4
2420005	Nox Ancestor Lasko +5
2420006	Nox Ancestor Lasko +6
2420007	Nox Ancestor Lasko +7
2420008	Nox Ancestor Lasko +8
2420009	Nox Ancestor Lasko +9
2420010	Nox Ancestor Lasko +10
2430000	Rotten Duelist Verus
2430001	Rotten Duelist Verus +1
2430002	Rotten Duelist Verus +2
2430003	Rotten Duelist Verus +3
2430004	Rotten Duelist Verus +4
2430005	Rotten Duelist Verus +5
2430006	Rotten Duelist Verus +6
2430007	Rotten Duelist Verus +7
2430008	Rotten Duelist Verus +8
2430009	Rotten Duelist Verus +9
2430010	Rotten Duelist Verus +10
2440000	Sanguine Noble Strage
2440001	Sanguine Noble Strage +1
2440002	Sanguine Noble Strage +2
2440003	Sanguine Noble Strage +3
2440004	Sanguine Noble Strage +4
2440005	Sanguine Noble Strage +5
2440006	Sanguine Noble Strage +6
2440007	Sanguine Noble Strage +7
2440008	Sanguine Noble Strage +8
2440009	Sanguine Noble Strage +9
2440010	Sanguine Noble Strage +10
2450000	Erdtree Guardian Ashes
2450001	Erdtree Guardian Ashes +1
2450002	Erdtree Guardian Ashes +2
2450003	Erdtree Guardian Ashes +3
2450004	Erdtree Guardian Ashes +4
2450005	Erdtree Guardian Ashes +5
2450006	Erdtree Guardian Ashes +6
2450007	Erdtree Guardian Ashes +7
2450008	Erdtree Guardian Ashes +8
2450009	Erdtree Guardian Ashes +9
2450010	Erdtree Guardian Ashes +10
2460000	Rootman Ashes
2460001	Rootman Ashes +1
2460002	Rootman Ashes +2
2460003	Rootman Ashes +3
2460004	Rootman Ashes +4
2460005	Rootman Ashes +5
2460006	Rootman Ashes +6
2460007	Rootman Ashes +7
2460008	Rootman Ashes +8
2460009	Rootman Ashes +9
2460010	Rootman Ashes +10
2470000	Spiritcaller Snail Ashes
2470001	Spiritcaller Snail Ashes +1
2470002	Spiritcaller Snail Ashes +2
2470003	Spiritcaller Snail Ashes +3
2470004	Spiritcaller Snail Ashes +4
2470005	Spiritcaller Snail Ashes +5
2470006	Spiritcaller Snail Ashes +6
2470007	Spiritcaller Snail Ashes +7
2470008	Spiritcaller Snail Ashes +8
2470009	Spiritcaller Snail Ashes +9
2470010	Spiritcaller Snail Ashes +10
2480000	Winged Dame Ashes
2480001	Winged Dame Ashes +1
2480002	Winged Dame Ashes +2
2480003	Winged Dame Ashes +3
2480004	Winged Dame Ashes +4
2480005	Winged Dame Ashes +5
2480006	Winged Dame Ashes +6
2480007	Winged Dame Ashes +7
2480008	Winged Dame Ashes +8
2480009	Winged Dame Ashes +9
2480010	Winged Dame Ashes +10
2490000	Starcaller Ashes
2490001	Starcaller Ashes +1
2490002	Starcaller Ashes +2
2490003	Starcaller Ashes +3
2490004	Starcaller Ashes +4
2490005	Starcaller Ashes +5
2490006	Starcaller Ashes +6
2490007	Starcaller Ashes +7
2490008	Starcaller Ashes +8
2490009	Starcaller Ashes +9
2490010	Starcaller Ashes +10
2500000	Bloodthorn Exile Ashes
2500001	Bloodthorn Exile Ashes +1
2500002	Bloodthorn Exile Ashes +2
2500003	Bloodthorn Exile Ashes +3
2500004	Bloodthorn Exile Ashes +4
2500005	Bloodthorn Exile Ashes +5
2500006	Bloodthorn Exile Ashes +6
2500007	Bloodthorn Exile Ashes +7
2500008	Bloodthorn Exile Ashes +8
2500009	Bloodthorn Exile Ashes +9
2500010	Bloodthorn Exile Ashes +10
2510000	Warrior Jar Alexander
2510001	Warrior Jar Alexander +1
2510002	Warrior Jar Alexander +2
2510003	Warrior Jar Alexander +3
2510004	Warrior Jar Alexander +4
2510005	Warrior Jar Alexander +5
2510006	Warrior Jar Alexander +6
2510007	Warrior Jar Alexander +7
2510008	Warrior Jar Alexander +8
2510009	Warrior Jar Alexander +9
2510010	Warrior Jar Alexander +10
2520000	Wormface Ashes
2520001	Wormface Ashes +1
2520002	Wormface Ashes +2
2520003	Wormface Ashes +3
2520004	Wormface Ashes +4
2520005	Wormface Ashes +5
2520006	Wormface Ashes +6
2520007	Wormface Ashes +7
2520008	Wormface Ashes +8
2520009	Wormface Ashes +9
2520010	Wormface Ashes +10
2530000	Catacomb Sorcerer Ashes
2530001	Catacomb Sorcerer Ashes +1
2530002	Catacomb Sorcerer Ashes +2
2530003	Catacomb Sorcerer Ashes +3
2530004	Catacomb Sorcerer Ashes +4
2530005	Catacomb Sorcerer Ashes +5
2530006	Catacomb Sorcerer Ashes +6
2530007	Catacomb Sorcerer Ashes +7
2530008	Catacomb Sorcerer Ashes +8
2530009	Catacomb Sorcerer Ashes +9
2530010	Catacomb Sorcerer Ashes +10
2540000	Stone Cluster Ashes
2540001	Stone Cluster Ashes +1
2540002	Stone Cluster Ashes +2
2540003	Stone Cluster Ashes +3
2540004	Stone Cluster Ashes +4
2540005	Stone Cluster Ashes +5
2540006	Stone Cluster Ashes +6
2540007	Stone Cluster Ashes +7
2540008	Stone Cluster Ashes +8
2540009	Stone Cluster Ashes +9
2540010	Stone Cluster Ashes +10
2550000	Stone Sentry Ashes
2550001	Stone Sentry Ashes +1
2550002	Stone Sentry Ashes +2
2550003	Stone Sentry Ashes +3
2550004	Stone Sentry Ashes +4
2550005	Stone Sentry Ashes +5
2550006	Stone Sentry Ashes +6
2550007	Stone Sentry Ashes +7
2550008	Stone Sentry Ashes +8
2550009	Stone Sentry Ashes +9
2550010	Stone Sentry Ashes +10
2560000	Red Bear Ashes
2560001	Red Bear Ashes +1
2560002	Red Bear Ashes +2
2560003	Red Bear Ashes +3
2560004	Red Bear Ashes +4
2560005	Red Bear Ashes +5
2560006	Red Bear Ashes +6
2560007	Red Bear Ashes +7
2560008	Red Bear Ashes +8
2560009	Red Bear Ashes +9
2560010	Red Bear Ashes +10
2570000	Mystic Pigman Ashes
2570001	Mystic Pigman Ashes +1
2570002	Mystic Pigman Ashes +2
2570003	Mystic Pigman Ashes +3
2570004	Mystic Pigman Ashes +4
2570005	Mystic Pigman Ashes +5
2570006	Mystic Pigman Ashes +6
2570007	Mystic Pigman Ashes +7
2570008	Mystic Pigman Ashes +8
2570009	Mystic Pigman Ashes +9
2570010	Mystic Pigman Ashes +10
2580000	Zamor Knight Siddi
2580001	Zamor Knight Siddi +1
2580002	Zamor Knight Siddi +2
2580003	Zamor Knight Siddi +3
2580004	Zamor Knight Siddi +4
2580005	Zamor Knight Siddi +5
2580006	Zamor Knight Siddi +6
2580007	Zamor Knight Siddi +7
2580008	Zamor Knight Siddi +8
2580009	Zamor Knight Siddi +9
2580010	Zamor Knight Siddi +10
2590000	Erdtree Sentry Shamar
2590001	Erdtree Sentry Shamar +1
2590002	Erdtree Sentry Shamar +2
2590003	Erdtree Sentry Shamar +3
2590004	Erdtree Sentry Shamar +4
2590005	Erdtree Sentry Shamar +5
2590006	Erdtree Sentry Shamar +6
2590007	Erdtree Sentry Shamar +7
2590008	Erdtree Sentry Shamar +8
2590009	Erdtree Sentry Shamar +9
2590010	Erdtree Sentry Shamar +10
2600000	Man-Serpent Sorcerer Timuris
2600001	Man-Serpent Sorcerer Timuris +1
2600002	Man-Serpent Sorcerer Timuris +2
2600003	Man-Serpent Sorcerer Timuris +3
2600004	Man-Serpent Sorcerer Timuris +4
2600005	Man-Serpent Sorcerer Timuris +5
2600006	Man-Serpent Sorcerer Timuris +6
2600007	Man-Serpent Sorcerer Timuris +7
2600008	Man-Serpent Sorcerer Timuris +8
2600009	Man-Serpent Sorcerer Timuris +9
2600010	Man-Serpent Sorcerer Timuris +10
2601000	Great Dragonfly
2601001	Great Dragonfly +1
2601002	Great Dragonfly +2
2601003	Great Dragonfly +3
2601004	Great Dragonfly +4
2601005	Great Dragonfly +5
2601006	Great Dragonfly +6
2601007	Great Dragonfly +7
2601008	Great Dragonfly +8
2601009	Great Dragonfly +9
2601010	Great Dragonfly +10
2602000	Blaidd the Half-Wolf
2602001	Blaidd the Half-Wolf +1
2602002	Blaidd the Half-Wolf +2
2602003	Blaidd the Half-Wolf +3
2602004	Blaidd the Half-Wolf +4
2602005	Blaidd the Half-Wolf +5
2602006	Blaidd the Half-Wolf +6
2602007	Blaidd the Half-Wolf +7
2602008	Blaidd the Half-Wolf +8
2602009	Blaidd the Half-Wolf +9
2602010	Blaidd the Half-Wolf +10
2603000	Titanus, Shell-Bound Companion
2603001	Titanus, Shell-Bound Companion +1
2603002	Titanus, Shell-Bound Companion +2
2603003	Titanus, Shell-Bound Companion +3
2603004	Titanus, Shell-Bound Companion +4
2603005	Titanus, Shell-Bound Companion +5
2603006	Titanus, Shell-Bound Companion +6
2603007	Titanus, Shell-Bound Companion +7
2603008	Titanus, Shell-Bound Companion +8
2603009	Titanus, Shell-Bound Companion +9
2603010	Titanus, Shell-Bound Companion +10
2604000	Twinned Spirit Jellyfish
2604001	Twinned Spirit Jellyfish +1
2604002	Twinned Spirit Jellyfish +2
2604003	Twinned Spirit Jellyfish +3
2604004	Twinned Spirit Jellyfish +4
2604005	Twinned Spirit Jellyfish +5
2604006	Twinned Spirit Jellyfish +6
2604007	Twinned Spirit Jellyfish +7
2604008	Twinned Spirit Jellyfish +8
2604009	Twinned Spirit Jellyfish +9
2604010	Twinned Spirit Jellyfish +10
2605000	Noxumbra Gaoler Ashes
2605001	Noxumbra Gaoler Ashes +1
2605002	Noxumbra Gaoler Ashes +2
2605003	Noxumbra Gaoler Ashes +3
2605004	Noxumbra Gaoler Ashes +4
2605005	Noxumbra Gaoler Ashes +5
2605006	Noxumbra Gaoler Ashes +6
2605007	Noxumbra Gaoler Ashes +7
2605008	Noxumbra Gaoler Ashes +8
2605009	Noxumbra Gaoler Ashes +9
2605010	Noxumbra Gaoler Ashes +10
2606000	Demi-Dragon Ashes
2606001	Demi-Dragon Ashes +1
2606002	Demi-Dragon Ashes +2
2606003	Demi-Dragon Ashes +3
2606004	Demi-Dragon Ashes +4
2606005	Demi-Dragon Ashes +5
2606006	Demi-Dragon Ashes +6
2606007	Demi-Dragon Ashes +7
2606008	Demi-Dragon Ashes +8
2606009	Demi-Dragon Ashes +9
2606010	Demi-Dragon Ashes +10
2607000	Tempestcaller Lochlan
2607001	Tempestcaller Lochlan +1
2607002	Tempestcaller Lochlan +2
2607003	Tempestcaller Lochlan +3
2607004	Tempestcaller Lochlan +4
2607005	Tempestcaller Lochlan +5
2607006	Tempestcaller Lochlan +6
2607007	Tempestcaller Lochlan +7
2607008	Tempestcaller Lochlan +8
2607009	Tempestcaller Lochlan +9
2607010	Tempestcaller Lochlan +10
9999099	DLC dummy
